TotalPremium,PolicyAge,PremiumPerClaim,IsHighRiskProvince,Province_encoded,Gender_encoded,VehicleType_encoded,make_encoded
21.929824561403,0.16712328767123288,0.016108247304359145,0,5,2,4,24
74.561403508771,0.6657534246575343,0.012142857123081486,0,6,2,4,24
21.929824561403,0.4191780821917808,0.015624999888671562,0,4,2,4,24
420.249736842105,0.4958904109589041,0.026068068599833058,0,2,1,4,24
21.929824561403,0.4191780821917808,0.02921448064476865,0,4,2,4,24
840.117543859649,0.0,0.019154679995632737,0,0,2,4,24
337.345877192982,0.25205479452054796,0.014747620097419374,0,2,2,4,24
74.561403508771,0.8328767123287671,0.012142857123081486,0,2,2,4,24
739.310701754386,0.6657534246575343,0.0374167515532018,1,3,2,4,24
0.0,0.5808219178082191,0.0,0,2,2,4,24
774.121315789474,0.16712328767123288,0.21931744241813303,0,0,2,4,24
74.561403508771,0.5808219178082191,0.012142857123081486,0,2,2,4,24
21.929824561403,0.08493150684931507,0.02921448064476865,0,8,2,4,24
595.240964912281,0.5808219178082191,0.016084470554831518,1,3,2,4,24
311.164561403509,0.25205479452054796,0.02697396493980536,0,6,2,4,24
519.132105263158,0.16712328767123288,0.09892197353530069,0,2,2,4,24
501.827719298246,0.7479452054794521,0.018788706215026655,0,2,2,4,24
21.929824561403,0.4191780821917808,0.020166982430602123,0,8,2,5,26
74.561403508771,0.4958904109589041,0.012142857123081486,0,2,2,4,24
74.561403508771,0.4958904109589041,0.02428571420661195,0,4,2,4,24
162.086052631579,0.4191780821917808,0.00841085620210828,0,8,2,4,24
718.879649122807,0.4191780821917808,0.011724598207500297,1,3,2,4,24
709.890350877193,0.6657534246575343,0.015572264231031509,1,3,2,4,24
21.929824561403,0.5808219178082191,0.05555555414814692,0,6,2,4,24
327.025350877193,0.5808219178082191,0.01821334211697536,1,3,2,4,24
65282.6034210526,0.5808219178082191,43.29387283679455,0,8,2,5,26
74.561403508771,0.4191780821917808,0.012142857123081486,1,3,2,4,24
577.113070175439,0.33424657534246577,0.01710667148055562,0,8,2,4,24
21.929824561403,0.08493150684931507,0.021367521159324596,0,2,1,4,24
15.78947368421,0.7479452054794521,0.00848896430070987,1,3,2,4,24
382.045175438596,0.16712328767123288,0.018523008539481894,0,2,2,4,24
786.299385964912,0.16712328767123288,0.017927625995912497,1,3,2,4,24
535.762280701754,0.08493150684931507,0.012215379997214887,0,2,2,4,24
15.78947368421,0.7479452054794521,0.020454545189565427,0,6,2,4,24
585.203421052632,0.6657534246575343,0.014499497830497794,0,2,2,4,24
21.929824561403,0.4958904109589041,0.01131221713621726,0,2,2,4,27
696.48649122807,0.4191780821917808,0.00902025196549297,0,2,1,4,24
15.78947368421,0.6657534246575343,0.014999999857499481,0,6,2,1,11
74.561403508771,0.4958904109589041,0.012142857123081486,0,6,2,4,24
839.055877192982,0.16712328767123288,0.012673658269870805,0,2,2,4,27
957.104298245614,0.0,0.01611081612294519,1,3,2,4,24
74.561403508771,0.25205479452054796,0.012142857123081486,0,2,2,4,24
582.364561403509,0.6657534246575343,0.00677423752255315,0,8,2,4,24
911.784736842105,0.08493150684931507,0.020381070583679526,0,6,2,4,24
74.561403508771,0.5808219178082191,0.02124999993943724,1,3,2,4,24
0.0,0.5808219178082191,0.0,0,5,2,4,25
0.0,0.6657534246575343,0.0,0,2,2,4,24
21.929824561403,0.6657534246575343,0.019069412496268586,0,2,1,4,24
500.889035087719,0.16712328767123288,0.03492437306433404,1,3,2,4,24
15.78947368421,0.7479452054794521,0.020454545189565427,0,6,2,4,24
505.648157894737,0.16712328767123288,0.022204289551008685,0,2,2,4,24
460.139824561404,0.915068493150685,0.06322597977470533,1,1,2,4,24
434.870614035088,0.6657534246575343,0.019854719843552256,1,3,2,4,24
1048.19385964912,0.8328767123287671,0.048232757328416746,0,2,2,4,0
337.098684210526,0.6657534246575343,0.015088637159998032,0,2,2,4,24
21.929824561403,0.25205479452054796,0.035714285132652256,0,8,2,4,24
21.929824561403,0.16712328767123288,0.01686909568670157,0,2,2,4,24
552.577543859649,0.16712328767123288,0.008862012012703082,1,3,2,4,3
633.246754385965,0.08493150684931507,0.014438025996708136,0,8,2,4,24
512.125614035088,0.5808219178082191,0.025360946897507442,1,3,2,4,24
534.678333333333,0.5808219178082191,0.6290333259329408,1,3,1,4,24
21.929824561403,0.08493150684931507,0.021739130219281193,0,2,2,4,24
957.562719298246,0.08493150684931507,0.026861274184913946,1,3,2,4,24
0.0,0.4958904109589041,0.0,0,2,2,4,24
603.721403508772,0.6657534246575343,0.0285971236636797,0,2,2,4,24
300.467280701754,0.4958904109589041,0.010881363477051634,0,4,2,4,24
990.832368421053,0.08493150684931507,0.017915870899584588,1,3,2,4,24
313.277105263158,0.08493150684931507,0.007142717998371464,0,2,2,4,24
21.929824561403,0.16712328767123288,0.027412280359100243,0,6,2,4,24
74.561403508771,0.5808219178082191,0.012142857123081486,0,2,2,4,24
521.114912280702,0.16712328767123288,0.017439336556618,1,3,2,4,24
21.929824561403,0.08493150684931507,0.026881720100589063,0,6,2,4,24
531.660701754386,0.4191780821917808,0.030056110973175263,0,0,2,4,24
770.118684210526,0.4191780821917808,0.01353149494651955,1,3,2,4,24
74.561403508771,0.4958904109589041,0.012142857123081486,0,2,1,4,24
595.990614035088,0.915068493150685,0.03388110407611674,0,8,2,4,24
21.929824561403,0.16712328767123288,0.008599931166824974,0,2,2,3,27
500.164649122807,0.16712328767123288,0.02026298740053537,0,6,2,4,24
74.561403508771,0.4191780821917808,0.02428571420661195,1,3,2,4,24
205.957906055461,1.084931506849315,0.24230341603814923,0,6,2,4,12
753.415701754386,0.5808219178082191,0.03150229106214247,0,2,1,4,24
638.375175438596,0.33424657534246577,0.004052651840181509,1,1,2,4,24
684.973684210526,0.25205479452054796,0.02496387467120878,0,2,2,4,12
745.952631578947,0.4958904109589041,0.004760817068782774,0,8,2,4,24
524.566315789474,0.33424657534246577,0.006536898322927653,0,6,2,4,24
430.812192982456,0.08493150684931507,0.009822517997760466,0,6,2,3,16
358.448333333333,0.33424657534246577,0.004677071958551441,0,2,2,4,5
742.358859649123,0.25205479452054796,0.04504261883311921,0,2,2,4,20
21.929824561403,0.5808219178082191,0.009954805139273545,0,5,2,3,16
437.688859649123,0.33424657534246577,0.011650380680298451,0,6,2,1,11
331.705175438596,0.25205479452054796,0.00780784765688503,0,2,2,4,24
657.342543859649,0.6657534246575343,0.09270684826037198,0,2,2,4,5
627.003684210526,0.4958904109589041,0.00554874824316864,0,2,2,4,24
696.48649122807,0.8328767123287671,0.04235735766802091,0,2,2,4,24
74.561403508771,0.6657534246575343,0.012142857123081486,0,6,2,4,24
21.929824561403,0.33424657534246577,0.02921448064476865,1,3,2,4,24
666.64649122807,0.4191780821917808,0.016309082777625508,0,2,2,4,24
0.0,0.6657534246575343,0.0,1,3,2,4,24
74.561403508771,0.6657534246575343,0.012142857123081486,0,2,2,4,24
591.310877192982,0.4191780821917808,0.01721780357144595,1,3,2,4,24
15.78947368421,1.084931506849315,0.021034426064233218,0,2,2,4,24
567.30052631579,0.0,0.01293445199705096,0,8,2,3,16
21.929824561403,0.7479452054794521,0.02840909054106338,0,6,2,4,24
942.290175438596,0.33424657534246577,0.03584406552075063,1,3,2,4,24
606.777807017544,0.7479452054794521,0.7138562351517431,0,2,2,4,24
74.561403508771,0.5808219178082191,0.02124999993943724,0,6,2,4,24
21.929824561403,0.16712328767123288,0.005414771483272909,0,4,2,4,24
21.929824561403,0.25205479452054796,0.061728393324186975,0,6,2,4,24
701.08298245614,0.4191780821917808,0.003607317844017137,0,8,2,4,24
643.723771929825,0.25205479452054796,0.02516471449382431,0,2,2,4,24
651.679298245614,0.4958904109589041,0.05486390996367715,0,2,2,3,16
407.125438596491,0.25205479452054796,0.006293714637622877,0,6,2,4,24
74.561403508771,0.4191780821917808,0.012142857123081486,0,8,2,4,24
368.561228070175,0.4958904109589041,0.01382751859973816,0,2,2,4,24
21.929824561403,0.16712328767123288,0.01686909568670157,0,2,2,4,24
15.78947368421,0.08493150684931507,0.023999999635199217,0,4,2,4,24
15.78947368421,1.0,0.007161157847181752,0,6,2,4,0
723.374298245614,0.6657534246575343,0.01719697828715522,1,3,2,4,24
74.561403508771,0.4191780821917808,0.012142857123081486,0,2,2,4,24
21.929824561403,0.4958904109589041,0.08333333016666489,0,2,2,4,24
890.284584040746,0.25205479452054796,0.026373072036999807,1,3,2,4,24
629.251052631579,0.6657534246575343,0.10802739571328956,0,2,2,4,9
197.725350877193,0.16712328767123288,0.007513563330478183,0,2,2,4,24
652.690614035088,0.25205479452054796,0.009288484081666241,1,3,2,4,24
546.909035087719,0.25205479452054796,0.012407361147466737,0,6,2,4,24
889.940701754386,0.33424657534246577,0.021115886397854722,1,3,2,4,24
346.08798245614,0.16712328767123288,0.013604837925686345,0,2,2,4,24
614.180438596491,0.4958904109589041,0.05078389598880866,0,2,2,4,24
15.78947368421,0.8328767123287671,0.005857735117519571,0,2,2,4,24
760.84,0.25205479452054796,0.014852387548636622,0,2,2,4,24
21.929824561403,0.16712328767123288,0.02499999971499943,0,2,1,4,24
21.929824561403,0.4958904109589041,0.005240881377943719,0,5,2,4,24
21.929824561403,0.08493150684931507,0.026881720100589063,0,6,2,4,24
74.561403508771,0.25205479452054796,0.012142857123081486,0,6,2,4,24
249.183333333333,0.915068493150685,0.004482875943012105,0,6,2,4,24
15.78947368421,0.8328767123287671,0.021034426064233218,0,5,2,4,24
0.0,1.0,0.0,0,6,2,4,12
15.78947368421,0.25205479452054796,0.012297097789126965,0,5,2,4,24
15.78947368421,1.0,0.011464968069617049,0,2,2,3,16
357.549385964912,0.33424657534246577,0.010715385512051187,0,5,2,4,24
21.929824561403,0.33424657534246577,0.017630589636746907,0,0,2,4,24
543.627894736842,0.33424657534246577,0.028492696078845532,0,2,2,4,24
518.266842105263,0.08493150684931507,0.6219202030632727,0,6,2,4,24
0.0,0.5808219178082191,0.0,0,6,2,4,24
585.360789473684,0.8328767123287671,0.006180645357828953,0,6,2,4,24
458.791403508772,0.6657534246575343,0.01024375177021795,0,8,2,4,24
21.929824561403,0.33424657534246577,0.01686909568670157,0,2,2,4,24
74.561403508771,0.4958904109589041,0.012142857123081486,0,2,2,4,24
535.402719298246,0.6657534246575343,0.01576984151126297,0,2,2,4,24
74.561403508771,0.6657534246575343,0.02124999993943724,0,2,2,4,24
444.071403508772,0.5808219178082191,0.03465118918775395,0,6,2,4,24
21.929824561403,0.4191780821917808,0.019230769062129772,0,6,2,3,16
21.929824561403,0.08493150684931507,0.02921448064476865,0,8,2,4,24
0.0,0.4958904109589041,0.0,1,3,2,4,24
74.561403508771,0.7479452054794521,0.018888888841036806,0,2,2,4,24
380.135,0.25205479452054796,2.733921322524108,0,2,2,4,24
0.0,0.33424657534246577,0.0,0,2,2,4,24
21.929824561403,0.5808219178082191,0.02921448064476865,0,6,2,4,24
15.78947368421,0.8328767123287671,0.008742192687805827,0,6,2,3,11
21.929824561403,0.25205479452054796,0.011246063819970441,0,2,2,4,24
0.0,0.5808219178082191,0.0,0,2,2,3,27
21.929824561403,0.4958904109589041,0.021739130219281193,0,8,2,4,24
230.126052631579,0.4191780821917808,0.013007273531246817,0,2,2,4,24
663.410350877193,0.4191780821917808,0.006071236021247562,0,2,2,4,24
1008.15535087719,0.0,0.008144547263276021,1,3,2,4,24
245.372456140351,0.25205479452054796,0.018648306652493972,0,8,2,4,24
74.561403508771,0.4191780821917808,0.012142857123081486,1,3,2,4,24
1213.81412280702,0.6657534246575343,0.1150637080615196,0,2,2,4,16
602.732543859649,0.33424657534246577,0.053640929791217436,0,8,2,4,24
500.779298245614,0.33424657534246577,0.01606281647801267,0,0,2,4,24
899.815701754386,0.4191780821917808,0.004562505077373531,1,3,2,4,24
16.27051499717,0.5808219178082191,0.021675259833215495,0,6,2,4,24
731.976228070176,0.6657534246575343,0.005052571507110022,0,5,2,4,24
872.188245614035,1.084931506849315,0.028585878265820545,0,2,2,4,0
0.0,0.7479452054794521,0.0,1,3,2,4,24
769.669210526316,0.5808219178082191,0.006705537747115481,1,3,2,4,24
283.162894736842,0.6657534246575343,0.004764307493296952,0,2,2,4,24
74.561403508771,0.33424657534246577,0.012142857123081486,1,3,2,4,24
21.929824561403,0.4958904109589041,0.0028614071676394738,0,0,2,3,27
21.929824561403,0.6657534246575343,0.02921448064476865,0,6,2,4,24
74.561403508771,0.08493150684931507,0.016999999961239794,0,2,2,4,24
21.929824561403,0.25205479452054796,0.01666666653999962,0,5,2,4,24
0.0,0.6657534246575343,0.0,0,6,2,4,24
831.559210526316,0.16712328767123288,0.029197907053807138,1,3,2,4,24
53.258145363408,0.4958904109589041,0.008673469373629656,0,0,2,4,24
346.08798245614,0.16712328767123288,1.5781611280358516,0,2,2,4,24
458.31947368421,0.33424657534246577,0.005759372849091298,0,2,2,4,24
74.561403508771,0.5808219178082191,0.012142857123081486,0,2,2,4,24
74.561403508771,0.16712328767123288,0.08499999903099897,0,2,2,4,24
74.561403508771,0.6657534246575343,0.012142857123081486,0,2,2,4,24
488.98896434635,0.5808219178082191,0.022011691940864338,0,2,2,4,24
380.135,0.915068493150685,0.02307799101795259,0,2,2,4,24
21.929824561403,0.4958904109589041,0.019069412496268586,0,2,2,4,24
643.723771929825,0.4958904109589041,0.02189767270960232,0,2,2,4,24
370.808596491228,0.4191780821917808,0.011039702485937249,0,2,2,4,24
74.561403508771,0.16712328767123288,0.056666666235999315,0,6,2,4,24
390.068157894737,0.4958904109589041,0.012658061481801848,0,2,2,4,24
21.929824561403,0.6657534246575343,0.0057710064483402455,0,6,2,4,24
0.0,0.915068493150685,0.0,0,2,2,4,24
74.561403508771,0.5808219178082191,0.027217419048901775,0,8,2,4,24
74.561403508771,0.8328767123287671,0.01545454542251221,0,5,2,4,24
21.929824561403,0.16712328767123288,0.02499999971499943,0,2,2,4,24
346.023255012532,1.4958904109589042,0.07323923317477894,0,8,2,4,24
407.282719298246,0.08493150684931507,0.02304965305242493,0,6,2,4,12
74.561403508771,0.8328767123287671,0.02428571420661195,0,8,2,4,24
323.614736842105,0.6657534246575343,0.009912163139444931,0,2,2,4,24
21.929824561403,0.08493150684931507,0.04127183202281599,0,8,2,4,24
302.152807017544,0.25205479452054796,0.012330290974832285,0,6,2,4,24
15.78947368421,1.0,0.010663507036987844,0,6,1,4,24
21.929824561403,0.08493150684931507,0.05555555414814692,0,6,2,4,24
774.670701754386,1.0,1.0685112980265834,0,2,2,4,0
21.929824561403,0.6657534246575343,0.01686909568670157,0,6,2,4,24
74.561403508771,0.4958904109589041,0.02428571420661195,0,2,2,4,24
15.78947368421,1.252054794520548,0.005318639686793261,0,2,0,4,24
21.929824561403,0.16712328767123288,0.011116051522132693,0,2,2,4,24
536.43649122807,0.7479452054794521,0.00990861304290339,0,2,2,4,24
643.723771929825,0.6657534246575343,0.3726993883957479,0,2,1,4,24
15.78947368421,0.6657534246575343,0.014999999857499481,0,2,2,3,16
377.550614035088,0.4958904109589041,0.02345608682371356,0,2,2,4,24
21.929824561403,0.25205479452054796,0.01663959945841967,0,2,2,3,16
74.561403508771,1.3342465753424657,0.012142857123081486,0,6,2,4,24
440.475701754386,0.4191780821917808,0.017872268704106537,0,4,2,4,24
21.929824561403,0.16712328767123288,0.01686909568670157,0,2,2,4,24
74.561403508771,0.33424657534246577,0.018888888841036806,0,5,2,4,24
21.929824561403,0.16712328767123288,0.029205607087681662,0,5,2,4,24
492.860877192982,0.4191780821917808,0.0039026554324577477,0,4,2,4,24
399.630614035088,0.25205479452054796,0.014727867729866962,0,6,2,4,24
21.929824561403,0.25205479452054796,0.033333332826665917,0,5,2,4,24
866.822456140351,0.08493150684931507,0.018059484337110746,0,2,2,4,24
74.561403508771,0.5808219178082191,0.012142857123081486,0,2,2,4,24
21.929824561403,0.7479452054794521,0.06321272163486912,0,6,2,4,24
15.78947368421,0.6657534246575343,0.039999998986665376,0,2,2,4,24
395.529122807018,0.08493150684931507,0.009018063997943894,0,2,2,4,24
74.561403508771,0.33424657534246577,0.02428571420661195,0,2,2,3,16
74.561403508771,0.5808219178082191,0.012142857123081486,0,2,2,4,24
805.441315789474,0.08493150684931507,0.03166217584962243,0,2,2,4,24
74.561403508771,0.4958904109589041,0.012142857123081486,0,8,2,4,24
641.836052631579,0.6657534246575343,0.024602847047984454,0,2,2,4,24
21.929824561403,0.25205479452054796,0.0055525448282932,0,2,2,3,16
15.78947368421,0.8328767123287671,0.021052631298244917,0,4,2,4,24
0.0,0.6657534246575343,0.0,1,3,2,4,24
0.0,1.252054794520548,0.0,0,8,2,4,24
21.929824561403,0.6657534246575343,0.024920254900227784,0,6,2,4,24
345.413859649123,0.4958904109589041,0.00836239320683517,0,8,2,4,24
552.577543859649,0.08493150684931507,0.02009542751686863,1,3,2,4,24
21.929824561403,0.33424657534246577,0.04127183202281599,0,8,2,4,24
21.929824561403,0.4191780821917808,0.019069412496268586,0,2,2,4,24
767.871315789474,0.25205479452054796,0.01059936425945148,1,3,2,4,24
21.929824561403,0.33424657534246577,0.02921448064476865,0,6,2,4,24
21.929824561403,0.08493150684931507,0.011473152762370572,0,6,2,4,24
751.325701754386,0.16712328767123288,0.21894460570143962,0,8,2,4,24
74.561403508771,0.16712328767123288,0.012142857123081486,0,2,2,4,24
395.529122807018,0.5808219178082191,0.01999177101147689,0,2,2,4,24
21.929824561403,0.08493150684931507,0.0122144266356363,0,4,2,4,24
21.929824561403,0.25205479452054796,0.12499999287499755,0,2,2,4,24
588.349736842105,0.0,0.013414373996941521,0,2,2,4,24
21.929824561403,0.08493150684931507,0.026881720100589063,0,6,2,4,24
21.929824561403,0.33424657534246577,0.014285714192652735,1,3,2,4,24
1021.36956140351,0.16712328767123288,0.049792096949528554,1,3,2,4,24
764.621929824561,0.4191780821917808,0.06815931245732444,0,2,2,4,23
519.132105263158,0.4191780821917808,0.028860672438258267,0,2,2,4,24
243.538333333333,0.6657534246575343,0.0006195452161627598,0,8,2,1,11
43.293718166383,0.8328767123287671,0.007050691232756966,0,8,2,4,24
15.78947368421,0.25205479452054796,0.004568794611846664,0,0,2,3,16
74.561403508771,0.5808219178082191,0.012142857123081486,0,0,2,4,24
74.561403508771,0.16712328767123288,0.03399999984495958,0,2,2,4,24
611.63201754386,0.4958904109589041,0.04117049218067994,0,8,2,4,24
21.929824561403,0.16712328767123288,0.027412280359100243,0,6,2,4,24
74.561403508771,0.5808219178082191,0.016999999961239794,0,2,2,4,24
21.929824561403,0.08493150684931507,0.014705882254324905,0,6,2,3,27
15.78947368421,0.4958904109589041,0.023999999635199217,0,2,2,4,24
74.561403508771,0.5808219178082191,0.012142857123081486,0,2,2,4,24
588.349736842105,0.4958904109589041,0.02110165699419858,0,2,2,3,16
760.84,0.4191780821917808,1.449219020014876,0,2,2,4,24
21.929824561403,0.7479452054794521,0.012141934288619326,0,8,2,1,11
431.386315789474,0.7479452054794521,0.01572792860619677,0,8,2,4,24
0.0,1.3342465753424657,0.0,0,2,1,4,24
566.609122807018,0.4191780821917808,0.009724500701396513,0,8,2,4,24
627.003684210526,0.08493150684931507,0.020310575677987282,0,2,2,4,24
1224.02543859649,0.16712328767123288,0.0466685284103002,1,3,2,4,24
74.561403508771,0.4191780821917808,0.012142857123081486,0,2,2,4,24
658.657280701754,0.5808219178082191,0.014358338270127422,0,2,2,4,24
0.0,1.167123287671233,0.0,0,2,2,4,24
21.929824561403,0.08493150684931507,0.02499999971499943,0,8,2,4,24
109.649122807018,0.7479452054794521,0.002499999999430011,0,2,2,4,24
805.229824561404,0.6657534246575343,0.01944276811994228,1,3,2,4,24
21.929824561403,0.25205479452054796,0.004601051974872258,1,3,1,4,24
15.78947368421,1.6657534246575343,0.006640767644812872,0,2,0,4,24
566.325877192982,0.7479452054794521,0.042404754680882346,0,2,2,4,24
15.78947368421,0.33424657534246577,0.021034426064233218,0,4,2,4,24
637.966140350877,0.25205479452054796,0.07666407344317558,0,2,2,4,24
223.336578947368,0.16712328767123288,0.009353552530983448,0,2,2,4,24
21.929824561403,0.16712328767123288,0.033333332826665917,0,5,2,4,24
21.929824561403,0.6657534246575343,0.0877192947368402,0,6,2,4,24
74.561403508771,0.25205479452054796,0.02124999993943724,0,2,2,4,24
74.561403508771,0.08493150684931507,0.018888888841036806,0,5,2,4,24
21.929824561403,0.4958904109589041,0.09999999543999792,0,2,2,4,24
488.793245614035,0.5808219178082191,0.009620289636995424,0,2,2,4,24
21.929824561403,0.4191780821917808,0.02183558654846962,1,3,2,4,24
70.838157894736,1.167123287671233,0.004888853503859438,0,2,2,4,16
808.281929824561,0.4191780821917808,0.09215759490379627,0,8,2,4,24
263.045755517827,0.4191780821917808,0.0027023057003263636,0,2,2,4,24
758.998551216752,0.4191780821917808,0.014828679601607234,0,2,2,4,24
21.929824561403,0.16712328767123288,0.01686909568670157,0,2,2,4,24
627.677894736842,0.4191780821917808,0.03476387328925984,0,8,2,4,24
74.561403508771,0.25205479452054796,0.012142857123081486,1,3,2,4,24
872.821403508772,0.33424657534246577,0.023936500751211814,1,3,2,3,27
600.035789473684,0.08493150684931507,0.007230875263399234,0,8,2,4,24
21.929824561403,0.0,0.02921448064476865,0,8,2,4,24
21.929824561403,0.16712328767123288,0.026881720100589063,0,6,2,4,24
74.561403508771,0.4958904109589041,0.012142857123081486,0,2,2,4,24
643.723771929825,0.4958904109589041,0.047611901819445766,0,2,2,4,24
15.78947368421,1.084931506849315,0.021034426064233218,0,2,2,4,24
0.0,0.4958904109589041,0.0,0,2,2,4,24
21.929824561403,0.4958904109589041,0.011616182674962923,0,8,2,5,26
707.907368421053,0.4958904109589041,0.007047120555303741,0,8,2,4,6
235.170789473684,1.0,0.05522692708303208,0,8,1,4,19
21.929824561403,0.33424657534246577,0.011246063819970441,0,2,2,4,24
242.711140350877,0.25205479452054796,0.009829258788796464,0,2,2,4,24
21.929824561403,0.25205479452054796,0.03676470526600258,0,2,2,4,24
990.832368421053,0.5808219178082191,0.026271047319341385,1,3,2,4,24
770.118684210526,0.4958904109589041,0.022110802924279454,1,3,2,4,24
34.874409356725,1.3342465753424657,0.0019645117726573573,0,6,2,4,0
971.748684210526,0.33424657534246577,0.01145741133660915,1,3,2,4,24
15.78947368421,1.167123287671233,0.008601328380534361,0,5,2,4,24
0.0,0.8328767123287671,0.0,0,2,2,4,5
906.081842105263,0.08493150684931507,0.012418952086060893,1,3,2,4,24
772.815438596491,0.08493150684931507,0.02406610594231426,1,3,2,4,24
74.561403508771,0.33424657534246577,0.012142857123081486,0,2,2,4,24
466.207543859649,0.33424657534246577,0.01673095223328751,0,8,2,4,24
0.0,0.5808219178082191,0.0,0,2,2,4,24
416.416140350877,0.16712328767123288,0.015412805189100461,1,3,2,4,3
554.358947368421,0.6657534246575343,0.012515391510374915,0,2,2,4,24
74.561403508771,0.33424657534246577,0.012142857123081486,0,2,2,3,27
74.561403508771,0.4958904109589041,0.012142857123081486,0,2,2,4,24
778.83298245614,0.25205479452054796,0.029626267131444464,0,2,2,4,24
567.269824561404,0.4191780821917808,0.0115515779695254,0,5,2,4,24
21.929824561403,0.08493150684931507,0.011790228195430493,1,3,2,4,24
21.929824561403,0.08493150684931507,0.01612487088246639,0,5,2,4,24
14.855687606112,0.08493150684931507,0.01979045463032754,0,8,2,4,24
366.606140350877,0.16712328767123288,0.069771452287914,0,8,2,4,24
21.929824561403,0.7479452054794521,0.019069412496268586,0,2,2,4,24
0.0,0.25205479452054796,0.0,0,2,2,4,24
553.740877192982,0.16712328767123288,0.03313214645168524,0,2,2,4,24
571.045263157895,0.7479452054794521,0.017181038217987575,0,2,2,4,24
21.929824561403,0.4191780821917808,0.007309941496101194,0,2,2,1,11
368.561228070175,0.33424657534246577,0.0061069738361973795,0,2,2,4,24
688.673208828523,0.25205479452054796,0.01608479240393018,0,2,2,4,20
674.871754385965,0.4958904109589041,0.7939667605250558,0,2,2,4,24
21.929824561403,0.4191780821917808,0.007103927596489706,0,2,2,4,2
24473.3637719298,0.7479452054794521,28.792192334126913,0,8,2,5,26
539.35798245614,0.5808219178082191,0.029541480315062717,0,2,2,4,24
21.929824561403,0.5808219178082191,0.00877192978947348,0,2,1,3,16
535.497894736842,0.25205479452054796,0.013173379941085072,1,3,2,4,24
21.929824561403,0.5808219178082191,0.02921448064476865,0,0,2,4,24
207.991058290889,1.0,0.08512319393758708,0,8,2,4,0
74.561403508771,0.6657534246575343,0.02833333322566632,0,6,2,4,24
696.014561403509,0.7479452054794521,0.4029744009172637,0,8,2,4,24
706.019649122807,0.25205479452054796,0.0285282492049795,0,2,2,4,24
21.929824561403,0.08493150684931507,0.015479876051720604,1,3,2,4,24
474.602396717601,0.08493150684931507,0.01163416260886863,0,2,2,4,24
756.723245614035,0.08493150684931507,1.0148874583008232,1,3,2,4,24
15.78947368421,1.0,0.021034426064233218,0,8,2,4,24
74.561403508771,0.5808219178082191,0.012142857123081486,0,2,2,4,24
242.711052631579,0.25205479452054796,0.00578590382848804,0,6,2,4,3
21.929824561403,0.16712328767123288,0.026881720100589063,0,6,2,4,24
458.31947368421,1.3342465753424657,0.02602075147729445,0,2,2,4,24
68.336162988115,0.4191780821917808,0.011129032239940025,0,2,2,4,24
74.561403508771,0.5808219178082191,0.08499999903099897,0,2,2,4,24
14.148273910582,0.5808219178082191,0.01884805202888223,0,6,2,4,24
0.0,0.25205479452054796,0.0,0,8,2,4,24
773.040175438596,0.5808219178082191,0.4475702361085317,1,3,2,4,24
0.0,0.5808219178082191,0.0,0,2,2,4,5
331.705175438596,0.5808219178082191,0.015773379404392898,0,2,2,4,24
458.31947368421,0.5808219178082191,0.006748633504705134,0,2,2,4,24
24.052065647991,0.5808219178082191,0.003917050684865054,0,4,2,4,24
21.929824561403,0.33424657534246577,0.02921448064476865,0,7,2,4,24
0.0,0.4191780821917808,0.0,0,2,2,4,24
461.567317487267,0.4191780821917808,0.01435981611144782,1,3,2,4,24
74.561403508771,0.33424657534246577,0.012142857123081486,1,3,2,4,24
674.871754385965,0.16712328767123288,0.052540112516691405,0,2,2,4,24
663.626140350877,0.33424657534246577,0.061466285181013706,0,2,2,4,24
218.339824561404,0.8328767123287671,0.048337353127746396,0,8,2,4,24
0.0,1.4191780821917808,0.0,0,2,2,4,24
21.929824561403,0.4191780821917808,0.00812215721488201,0,4,2,3,17
21.929824561403,0.08493150684931507,0.01666666653999962,0,6,2,3,16
21.929824561403,0.33424657534246577,0.033333332826665917,0,2,2,4,24
664.489035087719,0.16712328767123288,0.04509244508482844,0,2,2,4,24
36.078098471986,0.4191780821917808,0.005875576027297499,0,2,2,4,24
573.121842105263,0.33424657534246577,0.00925686788885324,0,6,2,4,24
15.78947368421,1.252054794520548,0.005318639686793261,0,2,2,4,24
15.78947368421,0.7479452054794521,0.009254593823328296,0,8,2,4,27
21.929824561403,0.25205479452054796,0.029205607087681662,1,3,2,4,24
74.561403508771,0.25205479452054796,0.013076923053988006,1,3,2,4,24
0.0,0.4958904109589041,0.0,0,2,2,4,24
21.929824561403,0.33424657534246577,0.02921448064476865,1,3,2,4,24
3.1328320802,0.4958904109589041,0.000391604009535495,0,2,2,4,24
74.561403508771,0.25205479452054796,0.018888888841036806,0,2,2,4,24
21.929824561403,0.16712328767123288,0.03128911094280796,0,8,2,4,24
21.929824561403,0.4958904109589041,0.06659562930423349,1,3,2,4,24
74.561403508771,0.16712328767123288,0.018888888841036806,0,2,2,4,24
657.342543859649,0.16712328767123288,0.010856288316879317,0,2,2,4,24
410.114385964912,0.08493150684931507,0.006959584338435313,0,5,2,4,24
0.0,1.3342465753424657,0.0,0,2,2,4,24
21.929824561403,0.16712328767123288,0.01686909568670157,0,2,2,4,24
74.561403508771,0.25205479452054796,0.012142857123081486,1,3,2,4,24
21.929824561403,0.33424657534246577,0.01686909568670157,0,2,2,4,24
74.561403508771,0.25205479452054796,0.02833333322566632,1,3,2,4,24
455.083333333333,0.33424657534246577,0.006603895112697739,0,6,2,3,16
74.561403508771,0.16712328767123288,0.012142857123081486,0,2,2,4,24
74.561403508771,0.25205479452054796,0.012142857123081486,0,2,2,4,24
643.723771929825,0.4958904109589041,0.028752305750586727,0,2,2,4,24
21.929824561403,0.16712328767123288,0.02499999971499943,0,2,2,4,24
658.657280701754,0.5808219178082191,0.023137045058725835,0,2,2,4,24
21.929824561403,0.16712328767123288,0.018115941879331663,0,2,2,4,24
21.929824561403,0.25205479452054796,0.023809523551019868,0,6,2,4,24
818.614561403509,0.08493150684931507,1.4260705741790896,1,3,2,4,24
519.132105263158,0.16712328767123288,0.03312867216873785,0,2,2,4,24
21.929824561403,0.16712328767123288,0.02921448064476865,0,2,2,4,24
0.0,0.33424657534246577,0.0,0,6,2,4,24
0.0,0.5808219178082191,0.0,0,6,2,4,24
149.456105263158,0.7479452054794521,0.0031194109237782782,0,8,2,4,24
21.929824561403,0.08493150684931507,0.02499999971499943,0,2,2,4,24
519.132105263158,0.7479452054794521,0.01923570795208105,0,2,2,4,24
21.929824561403,0.4958904109589041,0.012984382307988216,0,8,2,3,16
21.929824561403,0.25205479452054796,0.12850166299193255,1,3,2,4,24
21.929824561403,0.08493150684931507,0.05623664235496954,1,3,2,4,24
716.896666666667,0.33424657534246577,0.04611828900593928,0,2,2,4,9
873.945087719298,0.33424657534246577,0.28217407344622986,1,3,2,4,24
74.561403508771,0.6657534246575343,0.02428571420661195,0,2,2,4,24
74.561403508771,0.25205479452054796,0.012142857123081486,0,2,2,4,24
172.594561403509,0.6657534246575343,0.004587874778897651,0,2,2,4,24
74.561403508771,0.6657534246575343,0.012142857123081486,0,2,2,4,24
74.561403508771,0.25205479452054796,0.013076923053988006,0,2,2,4,24
74.561403508771,0.33424657534246577,0.02428571420661195,0,2,2,3,27
546.88201754386,0.7479452054794521,0.009101121789731074,0,6,2,4,20
378.269649122807,0.915068493150685,0.2508594515068076,0,6,1,4,24
674.871754385965,0.7479452054794521,0.04255835665949591,0,2,2,4,24
548.167543859649,0.16712328767123288,0.018191999206791855,0,2,2,4,24
622.95850877193,0.4191780821917808,0.040076787613252986,0,2,2,4,24
540.054649122807,0.4191780821917808,0.0034161334489965778,0,5,2,4,24
74.561403508771,0.16712328767123288,0.056666666235999315,1,3,2,4,5
15.78947368421,0.25205479452054796,0.02189434730566195,0,4,2,4,24
21.929824561403,0.33424657534246577,0.01686909568670157,0,2,2,4,24
15.78947368421,0.4958904109589041,0.005639097724221079,0,2,2,4,0
761.578771929824,0.08493150684931507,0.029165412797764384,1,3,2,4,24
21.929824561403,0.4958904109589041,0.01686909568670157,0,6,2,4,24
160.818070175439,1.252054794520548,0.0021301814884208854,0,2,2,4,9
694.457192982456,0.25205479452054796,0.02271479359348568,0,2,2,4,24
74.561403508771,0.4958904109589041,0.01416666663974983,0,6,2,4,24
654.409824561404,0.33424657534246577,0.012974266495493065,0,0,2,3,27
465.331140350877,0.5808219178082191,0.014467136793604896,0,6,2,4,24
488.456140350877,0.8328767123287671,0.0023458853900481377,0,6,2,4,24
505.648157894737,0.08493150684931507,0.01888392215869954,0,2,2,4,24
21.929824561403,0.7479452054794521,0.01686909568670157,0,6,2,4,24
415.01798245614,0.7479452054794521,0.005311603964607095,0,8,2,4,24
979.569298245614,0.5808219178082191,0.017981140159579752,1,3,2,4,24
781.779210526316,0.16712328767123288,0.018716378995199096,0,2,2,4,24
21.929824561403,0.4958904109589041,0.02921448064476865,1,3,2,4,24
21.929824561403,0.5808219178082191,0.03846153778698139,1,3,2,4,24
503.288421052632,0.4958904109589041,0.019190313372510315,0,8,2,4,24
74.561403508771,0.5808219178082191,0.016999999961239794,1,3,2,4,24
74.561403508771,0.5808219178082191,0.02124999993943724,0,2,2,4,24
3.157894736842,1.167123287671233,0.0018418750180363025,0,2,2,4,24
21.929824561403,0.16712328767123288,0.04475474308950116,0,8,2,4,24
496.467807017544,0.25205479452054796,0.04087075419010529,0,6,2,4,8
581.792807017544,0.33424657534246577,0.008386171871845182,1,3,2,4,24
21.929824561403,0.33424657534246577,0.026881720100589063,0,2,2,4,24
74.561403508771,0.33424657534246577,0.012142857123081486,0,4,2,4,24
478.230701754386,0.33424657534246577,0.008077753317514855,0,6,2,3,16
758.741929824561,0.16712328767123288,0.023209386722992477,0,0,2,4,24
21.929824561403,0.16712328767123288,0.015151515046831621,0,2,2,4,24
21.929824561403,0.5808219178082191,0.01663959945841967,0,6,2,3,16
727.823157894737,0.7479452054794521,0.8297183905412109,0,8,2,4,24
21.929824561403,0.4958904109589041,0.016363719547741462,0,8,2,4,24
456.27103565365,1.084931506849315,0.0023536046471207307,0,2,1,4,0
546.180877192982,0.4191780821917808,0.05880444857019545,0,2,2,4,24
21.929824561403,0.5808219178082191,0.05623664235496954,1,3,2,4,24
21.929824561403,0.6657534246575343,0.01923091699225911,0,5,2,4,24
21.929824561403,0.08493150684931507,0.020833333135416156,0,2,2,4,24
981.322280701754,0.4958904109589041,0.037702091735090086,1,3,2,4,24
74.561403508771,0.4958904109589041,0.012142857123081486,0,2,2,4,24
21.929824561403,0.25205479452054796,0.02499999971499943,0,2,2,4,24
251.700350877193,1.0,0.004520922024113529,0,5,2,4,3
955.298245614035,0.33424657534246577,0.009029081755841965,1,3,2,4,24
74.561403508771,0.33424657534246577,0.012142857123081486,0,2,2,4,2
527.125350877193,0.915068493150685,0.13121991184735768,0,8,2,4,24
516.568859649123,0.6657534246575343,0.607728063025697,0,4,2,4,24
1073.95701754386,0.33424657534246577,0.0075603734512662635,1,3,2,4,24
683.535175438596,0.7479452054794521,0.14835554804115164,0,2,2,4,24
74.561403508771,0.4958904109589041,0.012142857123081486,0,6,2,4,24
541.785087719298,0.08493150684931507,0.013879834319805738,0,5,2,4,24
271.255453216375,0.915068493150685,0.3191240588530993,1,3,2,4,24
550.857280701754,0.4958904109589041,0.02804124800925966,1,3,2,4,24
606.777807017544,0.4191780821917808,0.010920493933007104,0,2,2,4,24
21.929824561403,0.4958904109589041,0.0019406924373447853,0,2,2,4,24
463.982631578947,0.33424657534246577,0.009420178321600295,0,8,2,4,24
674.871754385965,0.4958904109589041,0.009196686793189754,0,2,2,4,24
74.561403508771,0.4191780821917808,0.012142857123081486,0,2,2,4,24
281.544912280702,0.08493150684931507,0.007132471109304227,0,8,2,4,24
324.571743067346,0.4191780821917808,0.007089902212591223,0,2,2,4,24
289.374261460102,0.5808219178082191,0.03000731863643856,0,2,2,4,24
21.929824561403,0.25205479452054796,0.020299787070319868,1,3,2,4,24
21.929824561403,0.08493150684931507,0.023809523551019868,0,2,2,4,24
0.0,1.167123287671233,0.0,0,6,2,4,24
794.204649122807,0.25205479452054796,0.006372912457519579,0,2,2,4,24
424.744385964912,0.25205479452054796,0.015494194254558028,0,2,2,4,24
356.380789473684,0.33424657534246577,0.0077931060262055075,0,8,2,4,24
74.561403508771,0.7479452054794521,0.012142857123081486,1,3,2,4,24
270.710964912281,0.7479452054794521,0.004572478202538989,0,2,2,4,10
543.345526315789,0.16712328767123288,0.1067954997900916,0,8,2,4,24
0.0,0.7479452054794521,0.0,0,2,2,4,3
1070.18149122807,0.4958904109589041,0.012071028496889298,1,3,2,3,16
74.561403508771,1.0,0.012142857123081486,0,4,2,4,24
74.561403508771,0.25205479452054796,0.01545454542251221,0,2,2,4,24
506.547105263158,0.7479452054794521,0.008972698932069076,0,8,2,4,24
15.78947368421,0.915068493150685,0.020454545189565427,0,2,2,4,24
74.561403508771,0.25205479452054796,0.03399999984495958,0,2,2,4,24
568.265350877193,0.8328767123287671,0.006175071592117078,0,2,2,4,0
372.960789473684,0.915068493150685,0.03150457750913805,1,3,2,4,24
21.929824561403,0.0,0.02921448064476865,0,8,2,4,24
532.166578947368,0.5808219178082191,0.03183766548782479,0,2,2,4,24
21.929824561403,0.5808219178082191,0.05555555414814692,0,2,2,4,24
493.006929824561,0.7479452054794521,0.5800081459111524,0,4,2,4,24
74.561403508771,0.6657534246575343,0.012142857123081486,0,2,2,4,24
0.0,1.4191780821917808,0.0,0,2,2,4,24
405.934298245614,1.252054794520548,0.6170201239546277,0,2,2,4,24
707.54649122807,0.33424657534246577,0.037593108526111314,1,3,2,4,24
955.298245614035,0.4191780821917808,0.03479793493834553,1,3,2,4,24
864.186403508772,0.16712328767123288,0.025420316480684678,0,8,2,4,24
21.929824561403,0.16712328767123288,0.01956533631009856,0,8,2,4,24
15.78947368421,0.6657534246575343,0.0156521737578823,0,8,2,4,24
372.561578947368,0.16712328767123288,0.022224116427829923,0,2,2,4,24
637.211052631579,0.5808219178082191,0.008124739397285108,0,2,2,4,24
21.929824561403,0.08493150684931507,0.011246063819970441,0,2,2,4,24
21.929824561403,0.25205479452054796,0.02795388691123535,0,6,2,1,11
1033.5051754386,0.16712328767123288,0.03940295056791377,1,3,2,3,27
0.0,0.5808219178082191,0.0,0,6,2,4,24
757.932894736842,0.16712328767123288,0.0482466249694978,0,2,2,4,24
750.215263157895,1.084931506849315,0.059291575339291275,1,3,0,3,27
15.78947368421,0.5808219178082191,0.020454545189565427,0,2,1,4,24
374.876315789474,0.25205479452054796,0.005297580530448611,0,6,2,4,24
597.001929824561,0.7479452054794521,0.0028890866501903034,0,2,2,4,24
21.929824561403,0.8328767123287671,0.01697988888797258,0,8,2,4,24
21.929824561403,0.25205479452054796,0.015089966275720141,0,2,2,4,24
209.383245614035,0.915068493150685,0.00889058773241805,0,6,2,4,24
476.168421052632,0.33424657534246577,0.020246222510666777,1,3,2,4,24
21.929824561403,0.16712328767123288,0.02499999971499943,0,8,2,4,10
74.561403508771,0.16712328767123288,0.012142857123081486,0,8,2,4,24
643.723771929825,0.4958904109589041,0.9784601184607408,0,2,2,4,24
641.993333333333,0.25205479452054796,0.009204729729411033,0,5,2,4,24
540.510877192982,0.4191780821917808,0.02312227989251342,0,2,2,4,24
21.929824561403,0.08493150684931507,0.026881720100589063,0,2,2,4,24
74.561403508771,0.5808219178082191,0.012142857123081486,0,2,2,4,24
0.0,0.08493150684931507,0.0,1,3,2,4,24
392.809824561404,0.7479452054794521,0.010889207600015953,0,5,2,4,24
6.842105263158,0.7479452054794521,0.0043333333058889634,0,8,2,4,24
0.0,1.4191780821917808,0.0,0,2,1,4,24
21.929824561403,0.6657534246575343,0.06659562930423349,0,5,2,4,24
21.929824561403,0.33424657534246577,0.015339493566695606,1,3,2,4,24
460.623596491228,0.7479452054794521,0.5419101071436787,0,8,2,4,16
724.04850877193,0.08493150684931507,0.016211633110383733,1,3,2,4,24
74.561403508771,0.25205479452054796,0.012142857123081486,0,2,2,4,24
278.106403508772,0.5808219178082191,0.019614656226866416,0,6,2,4,3
74.561403508771,0.8328767123287671,0.012142857123081486,1,3,2,4,24
658.657280701754,0.5808219178082191,0.07124673111185,0,2,2,4,24
74.561403508771,0.16712328767123288,0.012142857123081486,0,2,2,4,24
724.460789473684,0.4958904109589041,0.020767062278741137,1,3,2,4,24
21.929824561403,0.08493150684931507,0.02921448064476865,0,8,2,4,24
711.952543859649,0.33424657534246577,0.028038013153552886,0,2,2,4,9
809.861578947368,0.915068493150685,0.9527783169642174,0,6,2,4,16
523.458157894737,0.4191780821917808,0.02886603277496389,0,8,2,4,24
80.220713073005,0.25205479452054796,0.03658064499448255,1,3,2,4,24
21.929824561403,0.16712328767123288,0.01686909568670157,0,2,2,4,24
930.392543859649,0.33424657534246577,0.011885972612660937,0,2,2,4,5
74.561403508771,0.6657534246575343,0.012142857123081486,0,6,2,4,5
611.63201754386,0.4191780821917808,0.018347907930303838,0,8,2,4,24
0.0,0.7479452054794521,0.0,0,2,2,4,23
21.929824561403,0.4958904109589041,0.00877192978947348,0,2,2,3,27
404.773684210526,0.5808219178082191,0.07125020832500777,0,8,1,4,24
0.0,0.5808219178082191,0.0,0,2,2,4,5
21.929824561403,0.33424657534246577,0.00913742686251197,0,5,2,3,16
382.045175438596,0.16712328767123288,0.011096652107625333,0,2,2,4,24
15.78947368421,0.8328767123287671,0.025714285295509367,0,6,2,4,12
74.561403508771,0.4958904109589041,0.012142857123081486,0,2,2,4,24
74.561403508771,0.4958904109589041,0.012142857123081486,0,6,2,4,24
21.929824561403,0.08493150684931507,0.019230769062129772,0,2,2,4,24
74.561403508771,0.4191780821917808,0.012142857123081486,0,2,2,4,24
757.932894736842,0.25205479452054796,0.014658412560827961,0,2,2,4,24
21.929824561403,0.6657534246575343,0.021739130219281193,0,8,2,4,24
527.125350877193,0.8328767123287671,0.08830777061035568,0,8,2,4,24
574.555087719298,0.7479452054794521,0.014715387788031485,1,3,2,4,24
310.063421052632,0.25205479452054796,0.0081386609531296,0,6,2,4,24
519.132105263158,0.33424657534246577,0.026738389071327074,0,2,1,4,24
702.558771929825,0.33424657534246577,0.035251100978160525,0,2,2,4,9
301.164035087719,0.08493150684931507,0.013751567601212315,0,2,2,4,24
657.045964912281,0.25205479452054796,0.01824555505600464,0,2,2,4,24
586.052894736842,0.915068493150685,0.011882858648195781,0,2,2,4,9
21.929824561403,0.6657534246575343,0.06659562930423349,1,3,2,4,24
74.561403508771,0.33424657534246577,0.02124999993943724,0,2,2,4,24
15.78947368421,0.8328767123287671,0.009336099529858843,0,2,2,4,24
15.0,0.6657534246575343,0.00565386444464699,0,8,2,4,24
642.874298245614,0.16712328767123288,0.015959736801179854,0,2,2,4,20
683.814122807018,0.4191780821917808,0.021022572447495166,0,8,2,4,24
21.929824561403,0.08493150684931507,0.02921448064476865,0,4,2,4,24
460.139824561404,0.4958904109589041,0.004485637324048369,0,6,2,4,24
942.277807017544,0.16712328767123288,0.02834344432949645,1,3,2,4,1
464.859210526316,0.8328767123287671,0.018621896149912495,0,8,2,4,24
0.0,0.25205479452054796,0.0,0,0,2,4,24
563.814210526316,0.7479452054794521,0.023598278513371464,1,3,2,4,24
74.561403508771,0.5808219178082191,0.02124999993943724,0,2,2,4,24
837.329561403509,0.16712328767123288,0.021953403079132534,1,3,2,4,24
21.929824561403,0.7479452054794521,0.055549381994748286,1,3,2,4,24
488.793245614035,0.6657534246575343,0.015721910930759475,0,2,2,4,24
37.157280701754,0.33424657534246577,0.007342394172492997,0,2,2,4,2
529.739210526316,1.084931506849315,0.06196683001869345,0,8,2,4,24
316.985175438596,0.08493150684931507,0.007227261998352176,0,6,2,4,24
952.315438596491,0.4958904109589041,0.010457549253306426,0,0,2,4,24
21.929824561403,0.16712328767123288,0.018492902268102986,1,3,2,4,24
998.446842105263,0.33424657534246577,0.016043957218587833,1,3,2,4,24
21.929824561403,0.6657534246575343,0.01663959945841967,0,6,2,3,16
1006.53728070175,0.5808219178082191,0.07174900995911607,1,3,2,4,24
606.777807017544,0.6657534246575343,0.01291815616924564,0,2,2,4,24
0.0,0.7479452054794521,0.0,0,8,2,4,24
879.952894736842,0.8328767123287671,0.5835638704754927,0,2,2,4,2
494.14701754386,0.08493150684931507,0.011266551997431238,1,3,2,4,24
699.483859649123,0.16712328767123288,0.010506081684851528,1,3,2,4,24
15.78947368421,1.252054794520548,0.005318639686793261,0,2,2,4,24
21.929824561403,0.4958904109589041,0.02921448064476865,0,2,2,4,24
21.929824561403,0.4191780821917808,0.02083333313541619,0,2,2,4,16
15.78947368421,0.8328767123287671,0.01953845795677765,0,5,2,4,12
21.929824561403,0.5808219178082191,0.019069412496268586,0,2,2,4,24
15.78947368421,0.7479452054794521,0.021034426064233218,0,2,2,4,24
558.235526315789,0.7479452054794521,0.06116885169867499,0,6,2,4,24
1043.73035087719,0.8328767123287671,0.010444571646927013,0,6,2,4,0
521.361228070176,0.16712328767123288,0.011887035997289772,0,6,2,4,5
761.047631578947,0.4191780821917808,0.021121128857241506,0,2,2,4,24
15.78947368421,0.5808219178082191,0.013729976997313244,0,2,2,4,24
304.197929824561,0.915068493150685,0.017609007969536242,0,8,2,4,2
493.065175438596,0.08493150684931507,0.011241885997436842,0,8,2,4,24
456.026403508772,0.33424657534246577,0.0854682609974439,0,8,2,4,24
21.929824561403,0.4191780821917808,0.019069412496268586,0,2,2,4,24
519.132105263158,0.5808219178082191,0.007373270292244941,0,2,2,4,24
21.929824561403,0.33424657534246577,0.02921448064476865,0,4,2,4,24
624.412105263158,0.5808219178082191,0.7346024681378039,0,2,2,4,24
74.561403508771,0.5808219178082191,0.012142857123081486,0,2,2,4,16
21.929824561403,0.08493150684931507,0.010416666617187242,0,6,2,4,24
21.929824561403,0.4958904109589041,0.00812215721488201,0,5,2,4,24
92.105263157894,0.33424657534246577,0.029999999902285485,1,3,2,4,24
585.203421052632,0.5808219178082191,0.027649846409351232,0,2,2,4,24
21.929824561403,0.7479452054794521,0.03846153778698139,0,6,2,4,24
647.229649122807,0.6657534246575343,0.005644699385419412,0,2,2,4,24
809.03701754386,0.25205479452054796,0.06261785879656676,0,2,2,3,27
60143.24992359933,0.6657534246575343,0.4088660555215377,0,8,2,5,26
21.929824561403,0.4958904109589041,0.024214481930140554,1,3,2,4,24
74.561403508771,0.5808219178082191,0.012142857123081486,0,2,2,4,24
15.78947368421,0.8328767123287671,0.020454545189565427,0,5,2,4,5
388.655,0.16712328767123288,0.011270520448502132,1,3,2,4,24
15.78947368421,1.6657534246575343,0.006640767644812872,0,2,2,4,24
21.929824561403,0.33424657534246577,0.01686909568670157,0,2,2,4,3
622.95850877193,0.33424657534246577,0.02054266599111657,0,2,2,4,24
674.871754385965,0.08493150684931507,0.021156081247057916,0,2,2,4,24
21.929824561403,0.7479452054794521,0.00877192978947348,0,2,2,3,16
21.929824561403,0.08493150684931507,0.019230769062129772,0,2,2,4,24
74.561403508771,0.25205479452054796,0.042499999757749485,0,6,2,4,24
74.561403508771,0.4191780821917808,0.012142857123081486,0,2,2,4,24
917.81201754386,0.4191780821917808,0.0248581456422484,0,8,2,4,24
74.561403508771,0.4958904109589041,0.012142857123081486,1,3,2,4,24
217.535614035088,0.7479452054794521,0.005220854735589102,0,2,2,4,24
340.034736842105,0.25205479452054796,0.019279653229495066,0,8,2,4,24
74.561403508771,0.25205479452054796,0.042499999757749485,0,6,2,4,24
74.561403508771,0.4191780821917808,0.02428571420661195,0,5,2,1,11
21.929824561403,0.08493150684931507,0.015624999888671562,1,3,2,4,24
21.929824561403,0.4191780821917808,0.013047812326140162,0,6,2,4,24
74.561403508771,0.6657534246575343,0.03399999984495958,0,2,2,4,24
577.760263157895,0.4191780821917808,0.006771546919635522,0,8,2,4,24
92.105263157894,0.25205479452054796,0.02099999995211984,0,2,2,4,24
541.914649122807,0.33424657534246577,0.01528494301450754,1,3,2,4,24
74.561403508771,0.4958904109589041,0.08499999903099897,0,2,2,4,24
410.863859649123,0.25205479452054796,0.02879693869949164,1,3,2,2,24
376.143771929825,0.4191780821917808,0.03485436968889522,0,8,2,4,24
684.423771929825,0.7479452054794521,0.03731486948286753,0,8,2,4,24
597.480614035088,0.915068493150685,0.1626768326117708,0,2,2,4,24
703.943157894737,0.25205479452054796,0.030083514572393444,0,8,2,4,24
21.929824561403,0.4191780821917808,0.02499999971499943,0,6,2,4,24
14.770797962648,1.084931506849315,0.014397843162025177,0,2,2,4,2
402.491884550085,1.084931506849315,0.4066475329031889,0,2,2,4,2
212.626680814941,1.4191780821917808,0.0036505183145695286,0,8,1,4,24
777.310087719298,0.33424657534246577,0.03671419732861412,1,3,2,4,24
74.561403508771,0.33424657534246577,0.02428571420661195,0,2,2,4,24
74.561403508771,0.4958904109589041,0.012142857123081486,0,6,2,4,24
639.644912280702,0.16712328767123288,0.024331649361761108,0,2,2,4,24
621.567368421053,0.33424657534246577,0.015791086668517414,0,2,2,4,2
21.929824561403,0.7479452054794521,0.00877192978947348,0,5,2,4,24
62.535370684776,0.5808219178082191,0.010184331780649042,0,2,2,4,24
74.561403508771,0.5808219178082191,0.01416666663974983,0,2,2,4,24
14.148273910582,0.5808219178082191,0.003694066285546041,0,5,2,3,17
4.160614035087,0.7479452054794521,0.0006775857131821007,0,8,2,4,24
445.981666666667,0.16712328767123288,0.010110609972312999,0,6,2,4,24
723.374298245614,0.4958904109589041,0.8510285761592097,1,3,2,4,24
74.561403508771,0.25205479452054796,0.012142857123081486,0,2,2,4,24
21.929824561403,0.16712328767123288,0.02921448064476865,0,6,2,4,24
21.929824561403,0.16712328767123288,0.03333333282666566,0,2,2,4,24
0.0,0.6657534246575343,0.0,0,2,2,4,5
735.819210526316,0.33424657534246577,0.024271378804063895,0,2,2,4,24
488.286146616541,0.4958904109589041,0.0085890263241979,1,3,2,4,24
464.056666666667,0.7479452054794521,0.07283740104688974,0,6,2,4,12
342.829385964912,0.08493150684931507,0.007663245096326251,0,8,2,4,24
622.95850877193,0.4191780821917808,0.010634588267162839,0,2,2,4,24
21.929824561403,0.4958904109589041,0.023084025611118678,0,4,2,4,24
703.862192982456,0.7479452054794521,0.013372777660334843,0,2,2,3,16
638.535350877193,0.4958904109589041,0.020493048581237953,1,3,2,4,24
1007.88561403509,0.33424657534246577,0.0435231411304164,1,3,2,4,24
0.0,0.4958904109589041,0.0,0,4,2,4,24
21.929824561403,0.25205479452054796,0.026881720100589063,0,2,2,4,24
15.78947368421,0.7479452054794521,0.020454545189565427,0,6,2,4,24
875.638041878891,0.4191780821917808,0.01187111391457629,1,3,2,4,24
458.645175438596,0.4958904109589041,0.009882350590019939,0,8,2,4,24
74.561403508771,0.4191780821917808,0.042499999757749485,0,2,2,4,24
825.204298245614,0.16712328767123288,0.028088026764346664,0,2,2,4,24
525.609561403509,0.4191780821917808,0.03627287578108053,1,3,2,4,24
15.78947368421,0.4191780821917808,0.021034426064233218,0,2,2,4,24
935.072280701754,0.33424657534246577,0.009897351810123425,1,3,2,4,24
566.609122807018,0.8328767123287671,0.6665989601659158,0,8,2,4,24
505.648157894737,0.16712328767123288,0.012688675171922785,0,2,2,4,24
0.0,0.25205479452054796,0.0,0,2,2,4,24
435.844912280702,0.33424657534246577,0.043768241010156875,0,8,1,4,24
21.929824561403,0.4191780821917808,0.019069412496268586,0,2,2,4,24
21.929824561403,0.4958904109589041,0.033333332826665917,0,2,2,4,24
21.929824561403,0.4191780821917808,0.006747638305823573,0,4,2,4,24
74.561403508771,0.25205479452054796,0.012142857123081486,0,2,1,4,24
613.991666666667,0.8328767123287671,0.008843164109516794,0,2,2,4,24
21.929824561403,0.7479452054794521,0.0057710064483402455,0,6,2,3,16
677.703333333333,0.7479452054794521,0.7972980298357091,0,2,2,4,24
521.44552631579,0.33424657534246577,0.021253813141610598,1,3,2,4,24
389.686052631579,0.33424657534246577,0.022187455833295157,0,5,2,4,24
21.929824561403,0.08493150684931507,0.026881720100589063,0,2,2,4,24
674.871754385965,0.6657534246575343,0.03299615248894206,0,2,2,4,24
21.929824561403,0.08493150684931507,0.024752474968139798,0,2,2,4,24
74.561403508771,0.7479452054794521,0.012142857123081486,0,2,2,4,24
74.561403508771,0.33424657534246577,0.012142857123081486,0,0,2,4,24
74.561403508771,0.7479452054794521,0.012142857123081486,0,2,2,4,20
757.428859649123,0.4958904109589041,0.023322997188285604,0,8,2,4,24
74.561403508771,0.4191780821917808,0.012142857123081486,0,2,1,4,24
74.561403508771,0.5808219178082191,0.012142857123081486,0,2,2,4,24
74.561403508771,0.25205479452054796,0.018888888841036806,0,2,2,4,24
74.561403508771,0.25205479452054796,0.012142857123081486,0,2,2,4,24
21.929824561403,0.16712328767123288,0.02499999971499943,0,2,2,4,24
21.929824561403,0.08493150684931507,0.02921448064476865,0,8,1,4,24
556.21298245614,0.7479452054794521,0.006145648353248574,0,6,2,4,24
8.771929824561,0.7479452054794521,0.006747638274680474,0,6,2,4,24
352.268245614035,0.4958904109589041,0.4144332252584738,0,2,2,4,5
871.980087719298,0.16712328767123288,0.028605537404156785,0,8,2,4,24
444.970263157895,0.16712328767123288,0.01449685851357222,0,2,2,4,24
939.117456140351,0.33424657534246577,0.013921136944943178,1,3,2,4,24
74.561403508771,0.5808219178082191,0.012142857123081486,0,8,2,4,2
643.723771929825,0.4191780821917808,0.03626121788236354,0,2,2,4,24
729.751403508772,0.25205479452054796,0.011381399723320694,0,2,2,4,24
21.929824561403,0.08493150684931507,0.036764705266002645,0,6,2,4,24
501.827719298246,0.4191780821917808,0.0159852979053034,0,2,2,4,24
21.929824561403,0.25205479452054796,0.009697439832990148,0,4,2,3,16
21.929824561403,0.33424657534246577,0.017079302484898733,1,3,2,4,24
836.004912280702,1.252054794520548,0.008211219331045882,0,2,2,4,9
639.644912280702,0.7479452054794521,0.053928971806559034,0,2,2,4,24
313.277105263158,0.4191780821917808,0.016696614065525767,0,2,2,4,24
781.779210526316,0.25205479452054796,0.07126405718755711,0,8,2,4,24
621.567368421053,0.7479452054794521,0.06720813562086429,0,2,2,4,2
0.0,0.6657534246575343,0.0,1,3,2,4,24
21.929824561403,0.08493150684931507,0.008928571392219191,0,2,2,3,17
74.561403508771,0.4958904109589041,0.012142857123081486,1,3,2,4,1
21.929824561403,0.5808219178082191,0.019069412496268586,0,2,2,4,24
727.161049801924,0.4191780821917808,0.013825737960181784,1,3,2,4,24
15.78947368421,1.4191780821917808,0.005318639686793261,0,2,2,4,24
21.929824561403,0.33424657534246577,0.00999999995439977,0,2,1,3,16
380.135,0.4958904109589041,0.01690899619203692,0,2,2,4,24
658.657280701754,0.4191780821917808,0.0550223644662741,0,2,2,4,24
697.996666666667,0.4191780821917808,0.01572217387617035,0,2,2,4,24
21.929824561403,0.25205479452054796,0.061728393324186975,0,6,2,4,24
74.561403508771,0.7479452054794521,0.01545454542251221,0,2,2,4,24
629.251052631579,0.25205479452054796,0.028149294259848367,0,2,2,4,24
21.929824561403,0.16712328767123288,0.02499999971499943,0,2,2,4,24
15.78947368421,1.0,0.009394424874820822,0,5,2,4,24
474.972192982456,0.6657534246575343,0.00604064282390862,0,8,2,4,24
632.302894736842,0.4191780821917808,0.03455650997281102,0,8,2,4,12
256.195,0.4191780821917808,0.006782980022176395,0,2,2,4,24
0.0,0.33424657534246577,0.0,1,3,2,4,24
416.092192982456,0.915068493150685,0.01704256751009288,0,2,2,4,24
325.637368421053,0.16712328767123288,0.012800917236347225,0,2,0,4,24
74.561403508771,0.16712328767123288,0.012142857123081486,1,3,2,4,24
74.561403508771,0.33424657534246577,0.02428571420661195,0,6,2,4,24
1213.88921052632,0.33424657534246577,0.026109517367727906,0,2,2,4,2
74.561403508771,0.8328767123287671,0.012142857123081486,0,2,2,4,24
0.0,0.4958904109589041,0.0,0,2,2,3,16
487.669561403509,0.08493150684931507,0.005559432999366229,0,6,2,4,24
74.561403508771,0.25205479452054796,0.042499999757749485,0,4,2,4,24
21.929824561403,0.4191780821917808,0.01663959945841967,0,6,2,3,16
74.561403508771,0.4191780821917808,0.012142857123081486,0,4,2,4,24
507.019035087719,0.16712328767123288,0.01664559669998388,0,2,2,4,24
0.0,0.8328767123287671,0.0,0,6,2,4,24
0.0,0.33424657534246577,0.0,0,2,2,4,24
0.0,0.5808219178082191,0.0,0,6,2,4,24
74.561403508771,0.4191780821917808,0.01545454542251221,0,2,2,4,24
505.648157894737,0.5808219178082191,0.007717251953575692,0,2,2,4,5
818.282280701754,0.16712328767123288,0.00318612009564653,1,3,2,4,24
21.929824561403,0.6657534246575343,0.05623664235496954,0,6,2,4,24
757.481140350877,0.16712328767123288,0.02032426189043769,0,2,2,4,24
720.902192982456,0.33424657534246577,0.0664885582031423,1,3,2,4,24
368.561228070175,0.5808219178082191,0.0357200679437224,0,2,2,4,24
21.929824561403,0.7479452054794521,0.02921448064476865,0,6,2,4,24
21.929824561403,0.25205479452054796,0.02921448064476865,0,8,2,4,24
1073.95701754386,0.25205479452054796,0.01113382476931441,1,3,2,4,24
637.211052631579,0.6657534246575343,0.048235067536483725,0,2,2,4,24
21.929824561403,0.4191780821917808,0.02921448064476865,1,3,2,4,24
823.869385964912,0.16712328767123288,0.029992696700461795,0,2,2,4,24
21.929824561403,0.6657534246575343,0.00877192978947348,1,3,2,3,16
21.929824561403,0.08493150684931507,0.029205607087681662,0,8,2,4,24
757.932894736842,0.4958904109589041,0.01936510095409196,0,2,2,4,24
885.181666666666,0.4958904109589041,0.023987807683521434,1,3,2,4,24
343.840701754386,0.4191780821917808,0.009733998854926434,0,2,2,4,3
0.0,0.7479452054794521,0.0,0,2,2,4,24
0.0,0.5808219178082191,0.0,1,3,2,4,24
21.929824561403,0.5808219178082191,0.007588957736634431,0,2,2,4,16
779.048684210526,0.16712328767123288,0.06625512509584035,0,8,2,4,24
21.929824561403,0.4191780821917808,0.0048732943361489015,1,3,2,4,20
287.657543859649,0.4958904109589041,0.014609729764597372,0,2,2,4,24
390.135614035088,0.8328767123287671,0.024527737687472385,0,8,2,4,24
399.745175438596,0.33424657534246577,0.032550678544922884,0,2,2,4,24
1059.81964912281,0.7479452054794521,0.30454587530958366,0,8,2,5,26
21.929824561403,0.25205479452054796,0.02921448064476865,0,2,2,4,24
0.0,0.33424657534246577,0.0,1,1,2,4,24
397.37201754386,0.33424657534246577,0.019038169283640303,0,6,2,4,24
491.546315789474,0.16712328767123288,0.010987505879896923,1,3,2,4,24
21.929824561403,0.4958904109589041,0.02713674716219145,1,3,2,4,3
21.929824561403,0.25205479452054796,0.001658260390732261,1,3,2,4,24
322.107807017544,0.4958904109589041,0.01629564919428727,1,3,2,4,24
38.483305036785,0.5808219178082191,0.006267281095783987,0,2,2,4,24
74.561403508771,0.4191780821917808,0.013076923053988006,1,3,2,3,16
654.776287492927,0.08493150684931507,0.009086899166066061,0,8,2,4,24
782.505350877193,0.16712328767123288,0.005582328535271359,1,3,2,3,16
485.422192982456,0.08493150684931507,0.02972097110733862,0,2,2,4,24
74.561403508771,0.4191780821917808,0.012142857123081486,0,2,2,4,24
647.088421052632,0.33424657534246577,0.00904797205710457,1,3,2,4,24
21.929824561403,0.33424657534246577,0.05555555414814692,0,2,2,4,24
839.13798245614,0.25205479452054796,0.03597083202534126,1,3,2,4,24
299.523421052632,0.8328767123287671,0.007883396360251775,0,6,2,4,24
74.561403508771,0.33424657534246577,0.012142857123081486,0,2,2,4,24
572.703701188455,0.8328767123287671,0.017227761996523264,0,2,2,4,24
779.233625730995,0.7479452054794521,0.010933231030411956,0,2,2,4,16
499.523786078098,0.5808219178082191,0.014990707850513816,0,2,2,4,24
768.320789473684,0.4958904109589041,0.015884443723808858,1,3,2,4,24
15.78947368421,0.8328767123287671,0.020454545189565427,0,2,2,4,24
332.042280701754,0.7479452054794521,0.04044830691180563,0,6,2,4,24
460.139824561404,0.33424657534246577,0.007717476138662576,0,6,2,4,24
597.001929824561,0.16712328767123288,0.051934959751104154,0,2,2,4,24
404.922543859649,0.8328767123287671,0.017603662956338147,0,2,2,2,13
1014.49280701754,0.4191780821917808,0.023889199986690462,1,3,2,4,24
15.78947368421,1.167123287671233,0.012654846001584777,0,2,1,4,24
519.132105263158,0.08493150684931507,0.01183621199730135,0,2,2,4,24
663.115263157895,0.33424657534246577,0.15244029003068785,0,2,2,4,24
74.561403508771,0.7479452054794521,0.012142857123081486,0,2,2,4,24
364.62850877193,0.33424657534246577,0.0029124184493498004,0,2,2,4,21
936.420701754386,0.08493150684931507,0.021350391995132115,1,3,2,4,24
74.561403508771,0.6657534246575343,0.03399999984495958,0,2,2,4,24
71.307300509337,0.25205479452054796,0.016258064479060454,0,2,2,4,20
703.943157894737,0.33424657534246577,0.005407711907855203,0,2,2,4,24
74.561403508771,0.4958904109589041,0.016999999961239794,0,2,2,4,12
15.78947368421,0.6657534246575343,0.01214574889442501,0,6,2,4,24
962.040175438596,0.25205479452054796,0.020836059760723783,1,3,2,3,27
0.0,1.0,0.0,0,2,2,4,24
1060.47307017544,0.0,0.003989898679717885,1,3,2,4,24
106.161140350877,0.4191780821917808,0.006869913848946165,1,3,2,4,24
15.78947368421,0.4958904109589041,0.021034426064233218,0,4,2,4,24
21.929824561403,0.4958904109589041,0.00877192978947348,0,2,2,3,16
15.78947368421,0.7479452054794521,0.04049038249557766,0,2,2,4,24
21.929824561403,0.33424657534246577,0.013440860132673996,0,2,2,4,24
15.78947368421,1.3342465753424657,0.00293133064279232,0,2,2,4,16
12.026032823995,0.4191780821917808,0.00836583371918194,0,2,2,4,24
648.995789473684,0.5808219178082191,0.026708532652716877,1,3,2,4,24
431.666228070175,0.6657534246575343,0.013791268748767682,0,6,2,4,24
92.105263157894,0.16712328767123288,0.014999999975571315,0,2,2,4,24
74.561403508771,0.16712328767123288,0.08499999903099897,0,2,2,4,24
74.561403508771,0.4958904109589041,0.012142857123081486,0,8,2,4,24
74.561403508771,0.6657534246575343,0.012142857123081486,0,2,2,3,27
21.929824561403,0.4958904109589041,0.008840169695622872,0,4,2,2,6
1027.23903508772,0.16712328767123288,0.03888265036823099,1,3,2,4,24
455.648859649123,0.915068493150685,0.052473267792402474,0,8,2,4,24
790.483070175439,0.08493150684931507,0.018023013995890767,0,2,2,4,24
684.754649122807,0.16712328767123288,0.026097228527095836,1,3,2,4,24
21.929824561403,0.4191780821917808,0.01686909568670157,0,5,2,4,24
694.535789473684,0.16712328767123288,0.015835415996389525,0,4,2,3,16
74.561403508771,0.6657534246575343,0.012142857123081486,0,2,2,4,24
74.561403508771,0.4958904109589041,0.012142857123081486,0,2,1,4,24
74.561403508771,0.7479452054794521,0.012142857123081486,0,2,2,4,24
74.561403508771,0.6657534246575343,0.012142857123081486,0,2,2,4,24
11.205432937182,0.08493150684931507,0.005258969007560723,0,6,2,4,24
15.78947368421,0.915068493150685,0.01857585117464881,0,6,1,4,24
376.393157894737,0.08493150684931507,0.030518190483417862,0,4,2,4,24
21.929824561403,0.6657534246575343,0.02921448064476865,0,5,2,4,24
502.498157894737,0.16712328767123288,0.0032252176288853495,0,8,2,4,24
0.0,1.252054794520548,0.0,0,2,1,4,24
325.043684210526,0.8328767123287671,0.0049180253449844225,0,8,2,4,24
21.929824561403,0.915068493150685,0.013405328804394087,0,6,2,4,24
389.924035087719,0.4191780821917808,0.019853672339583944,1,3,2,4,24
74.561403508771,0.4191780821917808,0.016999999961239794,0,2,2,4,24
74.561403508771,0.33424657534246577,0.012142857123081486,0,6,2,4,24
21.929824561403,0.4191780821917808,0.026881720100589063,0,2,2,4,24
21.929824561403,0.16712328767123288,0.008182770328199737,1,3,2,4,24
479.632543859649,0.25205479452054796,0.04223386067121842,0,2,2,4,9
21.929824561403,0.25205479452054796,0.02921448064476865,0,4,2,4,24
74.561403508771,0.25205479452054796,0.012142857123081486,1,3,2,4,24
15.78947368421,0.4958904109589041,0.009394424874820822,0,8,2,4,24
393.446182795699,0.4191780821917808,0.01374294966542349,0,2,2,4,9
74.561403508771,0.16712328767123288,0.012142857123081486,0,6,2,4,24
74.561403508771,0.4191780821917808,0.012142857123081486,0,2,2,4,24
21.929824561403,0.33424657534246577,0.00999999995439977,0,2,2,3,16
303.388859649123,0.6657534246575343,0.014356495820946218,0,8,2,4,24
729.588771929824,0.4191780821917808,0.048157367965985035,1,3,2,4,24
258.985742481203,0.4958904109589041,0.005033640371233735,0,2,2,4,24
669.375087719298,0.4191780821917808,0.012807074872923742,0,2,2,4,24
535.452719298246,1.167123287671233,0.016558785115586463,1,3,2,4,24
18.796992481203,0.4958904109589041,0.00208855471781305,1,3,2,3,16
15.78947368421,0.8328767123287671,0.021034426064233218,0,5,2,4,24
504.030087719298,0.25205479452054796,0.027128291259076676,0,2,2,4,24
230.781140350877,0.33424657534246577,0.019931098467635164,0,2,2,4,24
289.311666666667,0.5808219178082191,0.009655297282998038,0,8,2,4,24
21.929824561403,0.915068493150685,0.02921448064476865,0,2,2,4,24
15.78947368421,0.5808219178082191,0.005613037194482626,0,0,2,4,24
678.011754385965,0.25205479452054796,0.009188834210888097,0,2,2,4,0
21.929824561403,0.4958904109589041,0.006853070154022593,0,4,2,4,24
0.0,0.915068493150685,0.0,0,8,2,3,16
74.561403508771,0.4958904109589041,0.03399999984495958,0,2,2,4,16
632.963596491228,0.16712328767123288,0.006259572677128292,0,8,2,4,24
530.200175438596,0.7479452054794521,0.01460087880999089,0,2,2,4,20
21.929824561403,0.4191780821917808,0.010233570977321076,1,3,2,3,27
21.929824561403,0.08493150684931507,0.02921448064476865,0,8,2,4,24
74.561403508771,0.6657534246575343,0.012142857123081486,0,2,2,4,24
553.740877192982,0.25205479452054796,0.6514598478569218,0,2,2,4,24
695.736140350877,0.6657534246575343,0.8185130966655836,1,3,2,4,24
21.929824561403,0.33424657534246577,0.013047812326140162,0,2,2,4,24
465.98052065648,0.6657534246575343,0.010968940754699398,0,8,2,4,24
552.577543859649,0.16712328767123288,0.020266332071195315,1,3,2,4,24
560.662631578947,0.4958904109589041,0.011684075787026424,0,2,2,4,24
408.371929824561,1.084931506849315,0.0570529395540605,0,8,2,4,24
21.929824561403,0.8328767123287671,0.062499998218748624,0,6,2,4,24
0.0,1.0,0.0,0,2,2,4,24
749.231403508772,0.5808219178082191,0.0064799242120058284,0,2,2,4,2
327.497719298246,0.6657534246575343,0.02362958226143188,1,3,2,4,24
21.929824561403,0.16712328767123288,0.019230769062129772,0,2,2,3,16
74.561403508771,0.7479452054794521,0.042499999757749485,0,2,2,4,24
501.60298245614,0.16712328767123288,0.011439236217903043,0,2,2,4,24
592.897192982456,0.16712328767123288,0.012095596871337305,1,3,2,4,24
588.695789473684,0.08493150684931507,0.013422263996939724,0,6,2,4,24
632.397280701754,0.33424657534246577,0.018318117330843382,0,8,2,4,24
674.871754385965,0.4958904109589041,0.00985341177116262,0,2,2,4,24
74.561403508771,0.16712328767123288,0.012142857123081486,0,0,2,4,24
777.971315789474,0.25205479452054796,0.16131781905534273,0,8,2,4,24
21.929824561403,0.4958904109589041,0.019069412496268586,0,2,2,4,24
21.929824561403,0.16712328767123288,0.033333332826665917,0,2,2,4,24
660.713596491228,0.6657534246575343,0.0026362314325062207,0,2,2,4,10
779.048684210526,1.0,0.02717126962020688,0,8,2,4,24
703.943157894737,0.16712328767123288,0.03456267508548064,0,8,2,4,24
778.698157894737,0.4191780821917808,0.01433866687895987,0,2,2,4,24
647.088421052632,0.16712328767123288,0.008996393664450071,1,3,2,4,24
493.006929824561,0.33424657534246577,0.02096023309311264,0,6,2,4,24
74.561403508771,0.16712328767123288,0.056666666235999315,0,2,2,4,24
517.373859649123,0.16712328767123288,0.015551004142480259,1,3,2,4,5
788.858684210526,1.6657534246575343,0.17421520689925332,1,3,1,4,24
74.561403508771,0.33424657534246577,0.016999999961239794,0,6,2,4,24
21.929824561403,0.0,0.013440860132673996,1,3,2,4,24
74.561403508771,0.6657534246575343,0.012142857123081486,0,2,2,4,24
832.633947368421,0.5808219178082191,0.003977580372308576,0,2,2,4,24
21.929824561403,0.25205479452054796,0.021739130219281193,0,8,2,4,24
15.78947368421,1.0,0.009988901157672545,0,4,2,4,24
21.929824561403,0.4191780821917808,0.01686909568670157,0,2,2,4,24
21.929824561403,0.25205479452054796,0.02921448064476865,0,6,2,4,24
615.87947368421,0.0,0.01376671764398155,0,8,2,4,24
808.295438596491,0.33424657534246577,0.02312722905830618,0,2,2,4,24
21.929824561403,0.08493150684931507,0.01785714271173423,0,2,2,4,24
535.497894736842,0.4191780821917808,0.015413123938301063,1,3,2,4,24
21.929824561403,0.08493150684931507,0.02272727249173502,0,2,2,4,24
773.040175438596,0.4958904109589041,0.014344746959724576,1,3,2,4,24
21.929824561403,0.33424657534246577,0.02088554700242622,0,6,2,4,24
74.561403508771,0.4958904109589041,0.012142857123081486,0,2,2,4,24
828.099649122807,0.4958904109589041,0.9742348698593628,1,3,2,4,24
726.784912280702,0.08493150684931507,0.014085105823227192,0,2,2,4,24
643.723771929825,0.33424657534246577,0.02518373939118353,0,2,2,4,24
663.115263157895,0.08493150684931507,0.015119027996552873,0,2,2,4,24
818.206140350877,0.25205479452054796,0.002688472591631749,0,2,2,4,24
15.78947368421,0.33424657534246577,0.0050061742657413625,0,2,2,4,24
487.669561403509,0.4958904109589041,0.007492888105007385,0,4,2,4,24
718.78447368421,0.4958904109589041,0.01254071068281914,0,6,2,4,24
540.510877192982,0.33424657534246577,0.01620887262032823,0,2,2,4,24
2.952017543859,0.08493150684931507,0.0006730599984652755,0,2,2,4,24
614.746754385965,0.08493150684931507,0.01877510741090311,0,2,2,4,24
74.561403508771,0.7479452054794521,0.012142857123081486,0,2,2,4,23
942.290175438596,0.08493150684931507,0.007969301212439977,1,3,2,4,24
588.349736842105,0.25205479452054796,0.03595082370973864,0,2,2,4,24
21.929824561403,0.16712328767123288,0.026881720100589063,0,6,2,4,24
519.132105263158,0.33424657534246577,0.014016633970620319,0,2,2,4,24
74.561403508771,0.4958904109589041,0.016999999961239794,0,2,2,4,24
733.526929824561,0.25205479452054796,0.2664183821466603,0,2,2,4,24
223.013771929825,0.4191780821917808,0.024284621236331717,0,8,2,4,24
834.419912280702,0.25205479452054796,0.003362610158691164,0,2,2,4,9
310.46798245614,1.3342465753424657,0.003327068057549083,0,2,2,4,24
624.412105263158,0.6657534246575343,0.019508044053162494,0,2,2,4,24
674.871754385965,0.08493150684931507,0.01128415498723688,0,2,2,4,24
21.929824561403,0.4958904109589041,0.010591784113701964,0,2,2,4,24
772.29552631579,0.16712328767123288,0.05039200722929025,0,5,2,4,24
74.561403508771,0.16712328767123288,0.018888888841036806,0,2,2,4,24
220.342894736842,0.4958904109589041,0.01798530763329025,0,8,2,4,24
688.557894736842,0.16712328767123288,0.022863684018972215,0,2,2,4,24
21.929824561403,0.25205479452054796,0.02499999971499943,0,2,2,4,24
74.561403508771,0.8328767123287671,0.012142857123081486,0,2,2,4,24
74.561403508771,0.6657534246575343,0.012142857123081486,1,3,2,4,24
813.508947368421,0.08493150684931507,0.020182811746896977,0,6,2,4,12
938.042719298246,0.08493150684931507,0.0036066397975004494,1,3,2,4,24
74.561403508771,0.6657534246575343,0.012142857123081486,1,3,2,4,24
346.08798245614,0.5808219178082191,0.01248980024241401,0,2,2,4,24
0.0,0.33424657534246577,0.0,1,3,2,4,24
21.929824561403,0.16712328767123288,0.029205607087681662,0,8,2,4,24
754.610438596491,0.4191780821917808,0.018223911170714813,0,2,2,4,24
21.929824561403,0.4958904109589041,0.12499999287499755,0,6,2,4,24
74.561403508771,0.33424657534246577,0.012142857123081486,0,2,2,4,20
15.78947368421,0.4958904109589041,0.0035087719220271737,0,2,2,4,20
74.561403508771,0.16712328767123288,0.01416666663974983,0,2,2,4,24
141.800964912281,0.25205479452054796,0.013584294104633523,0,2,1,4,24
95.028859649122,0.5808219178082191,0.0024509705876031226,0,2,2,4,3
525.874035087719,0.25205479452054796,0.018500988158959727,0,2,2,4,24
770.939298245614,0.08493150684931507,0.017232760780461702,0,2,2,4,5
687.68149122807,0.16712328767123288,0.00794792383959147,0,2,2,4,24
15.78947368421,1.167123287671233,0.005318639686793261,0,8,2,4,24
882.206228070176,0.08493150684931507,0.019768926979799397,1,3,2,4,24
21.929824561403,0.6657534246575343,0.02145885886540016,0,8,2,4,24
21.929824561403,0.33424657534246577,0.026881720100589063,0,2,2,4,24
292.152192982456,0.08493150684931507,0.007401188887013918,0,6,2,4,3
627.677894736842,0.6657534246575343,0.0026903616585742312,0,8,2,4,24
735.792192982456,0.33424657534246577,0.028924244816215944,0,2,2,4,24
21.929824561403,0.4958904109589041,0.05623664235496954,1,3,2,4,24
1277.46947368421,0.33424657534246577,0.1693793518302706,0,0,2,4,24
613.991666666667,0.6657534246575343,0.03542003284156117,0,2,2,4,24
1014.49280701754,0.25205479452054796,0.163009781550105,1,3,2,4,24
21.929824561403,0.08493150684931507,0.019230769062129772,0,2,2,4,24
770.826578947368,0.25205479452054796,0.9068547880927296,0,2,2,4,24
767.843596491228,0.16712328767123288,0.06544273224438894,0,2,2,4,24
21.929824561403,0.08493150684931507,0.015151515046831621,0,2,2,4,24
235.969122807018,0.6657534246575343,0.00510001249275745,0,6,2,4,5
761.578771929824,0.08493150684931507,0.1161999837618876,1,3,2,4,24
21.929824561403,0.4191780821917808,0.02088554700242622,0,6,2,4,24
21.929824561403,0.25205479452054796,0.03040881570230857,0,6,2,4,24
74.561403508771,0.4191780821917808,0.012142857123081486,0,2,2,4,24
721.385964912281,0.08493150684931507,0.016447599996249958,0,2,2,4,24
74.561403508771,0.25205479452054796,0.02124999993943724,0,4,2,4,24
504.299736842105,0.5808219178082191,0.03256113617746204,0,2,0,4,16
74.561403508771,0.4958904109589041,0.01545454542251221,0,2,2,4,24
460.139824561404,0.4958904109589041,0.018735689528753915,0,6,2,4,24
350.133245614035,0.33424657534246577,0.041845173022437364,0,8,2,4,24
257.644649122807,0.4958904109589041,0.03791254091078379,1,3,2,3,27
806.181578947368,0.33424657534246577,0.02704917959506121,1,3,2,4,24
74.561403508771,0.4191780821917808,0.012142857123081486,0,2,2,4,24
690.574649122807,0.33424657534246577,0.009821046655289918,0,8,2,4,24
647.216140350877,0.7479452054794521,0.10998856606250114,0,8,2,4,24
0.0,0.5808219178082191,0.0,0,2,2,4,24
21.929824561403,0.08493150684931507,0.017241379174791523,0,6,2,3,16
519.132105263158,0.16712328767123288,0.011530292580679023,0,2,2,4,24
274.155614035088,0.16712328767123288,0.02281294888612656,0,8,2,4,24
440.790350877193,0.7479452054794521,0.25520619456102056,0,6,2,4,24
74.561403508771,0.25205479452054796,0.012142857123081486,0,2,2,4,24
550.28,0.25205479452054796,0.041592079880196975,0,6,2,4,24
684.008421052632,0.08493150684931507,0.022036926708077605,0,8,2,4,24
21.929824561403,0.5808219178082191,0.00877192978947348,0,2,2,3,27
21.929824561403,0.4191780821917808,0.012141934288619326,0,8,2,1,11
378.224736842105,0.25205479452054796,0.030412367037529375,0,2,2,4,24
74.561403508771,0.4958904109589041,0.02428571420661195,0,2,2,4,24
300.931450292397,0.7479452054794521,0.009754796496246172,0,2,2,4,24
240.449385964912,0.4958904109589041,0.007515897560097569,0,8,2,4,1
677.797719298246,0.6657534246575343,0.05183961015226502,0,8,2,4,24
597.918771929824,0.4958904109589041,0.6816273922294472,0,2,2,4,24
15.78947368421,0.6657534246575343,0.017142856956734134,0,6,2,4,24
74.561403508771,0.4958904109589041,0.016999999961239794,1,3,2,4,24
863.409035087719,0.16712328767123288,0.007755659826585211,1,3,2,4,24
622.95850877193,0.5808219178082191,0.015921241299666638,0,8,2,4,12
148.649298245614,0.6657534246575343,0.02646727980506025,0,2,2,4,24
507.333596491228,0.33424657534246577,0.05089963172853656,0,2,2,4,24
21.929824561403,0.16712328767123288,0.04288164581672153,0,2,2,4,24
15.78947368421,0.8328767123287671,0.02189434730566195,0,5,2,4,24
0.0,0.08493150684931507,0.0,0,2,2,4,24
805.476754385965,0.33424657534246577,0.031470242047381476,0,2,2,4,0
627.003684210526,0.08493150684931507,0.01782333561566206,0,2,2,4,24
519.132105263158,0.4958904109589041,0.017187303689223363,0,2,2,4,24
312.704385964912,0.8328767123287671,0.595627390492644,0,8,2,4,24
21.929824561403,0.08493150684931507,0.019230769062129772,0,2,2,4,24
346.08798245614,0.08493150684931507,0.010064803568501552,0,2,2,4,24
74.561403508771,0.33424657534246577,0.012142857123081486,0,6,2,3,16
567.674298245614,0.33424657534246577,0.013122125122454977,0,5,2,4,24
74.561403508771,0.33424657534246577,0.012142857123081486,0,2,2,4,24
684.008421052632,0.4958904109589041,0.04481596744532119,0,8,2,4,24
74.561403508771,0.16712328767123288,0.02428571420661195,0,6,2,4,24
781.804736842105,0.25205479452054796,0.022747183577261493,1,3,2,4,24
74.561403508771,0.4958904109589041,0.042499999757749485,1,3,2,4,24
21.929824561403,0.25205479452054796,0.02921448064476865,1,3,2,4,24
0.0,0.5808219178082191,0.0,1,3,2,4,24
770.108859649123,0.16712328767123288,0.004721567975461707,0,2,2,4,24
786.299385964912,0.6657534246575343,0.04073499476876237,1,3,2,4,24
21.929824561403,0.7479452054794521,0.02840909054106338,0,6,2,4,24
74.561403508771,0.25205479452054796,0.012142857123081486,0,8,2,4,24
21.929824561403,0.25205479452054796,0.017482517343145956,0,2,2,4,24
74.561403508771,1.3342465753424657,0.012142857123081486,0,2,2,3,16
21.929824561403,0.33424657534246577,0.005952721091714383,0,0,2,4,24
331.705175438596,0.7479452054794521,0.006071674693814747,0,2,2,4,24
683.535175438596,0.5808219178082191,0.024923350534723814,0,2,2,4,24
74.561403508771,0.5808219178082191,0.012142857123081486,0,8,2,4,24
556.21298245614,0.6657534246575343,0.02459789438948677,0,6,2,4,24
21.929824561403,0.08493150684931507,0.026881720100589063,0,6,2,4,24
21.929824561403,0.08493150684931507,0.12499999287499755,0,6,2,4,5
21.929824561403,0.4958904109589041,0.01663959945841967,0,4,2,3,16
717.346140350877,0.6657534246575343,0.004134999958046297,0,2,2,3,16
21.929824561403,0.08493150684931507,0.015883100266157666,0,8,2,4,24
21.929824561403,0.08493150684931507,0.02499999971499943,0,2,2,4,24
627.677894736842,0.4958904109589041,0.032549006390549376,0,8,2,4,24
0.0,0.7479452054794521,0.0,0,2,2,4,24
646.634649122807,0.4191780821917808,0.009444456044941195,0,2,2,4,24
74.561403508771,0.4958904109589041,0.012142857123081486,0,2,2,4,24
21.929824561403,0.4191780821917808,0.019145497960423054,0,2,2,4,24
74.561403508771,0.4958904109589041,0.012142857123081486,0,2,2,4,24
21.929824561403,0.7479452054794521,0.005813953472958226,0,2,2,4,27
397.908771929824,0.16712328767123288,0.01564193102833382,1,3,2,4,24
74.561403508771,0.16712328767123288,0.01416666663974983,0,2,2,4,24
275.545380116959,1.3342465753424657,0.020512317515986807,0,6,2,4,0
405.934298245614,0.4191780821917808,0.009230055948864212,0,2,2,4,24
21.929824561403,0.08493150684931507,0.007066139038848352,0,8,2,2,6
358.448333333333,0.5808219178082191,0.004573375489063943,0,2,2,4,5
277.342368421053,0.25205479452054796,0.004757630717284916,0,4,2,4,24
15.78947368421,0.25205479452054796,0.01799999979479941,0,6,2,4,24
21.929824561403,0.5808219178082191,0.02921448064476865,0,2,2,4,24
21.929824561403,0.33424657534246577,0.019230769062129772,0,5,2,4,24
1538.95771929825,0.4958904109589041,0.06178570180906664,0,2,2,4,0
15.78947368421,0.4191780821917808,0.021034426064233218,0,5,2,4,24
498.906140350877,0.16712328767123288,0.006260352228163258,0,8,2,4,24
21.929824561403,0.08493150684931507,0.02921448064476865,0,8,2,4,24
534.863333333333,0.6657534246575343,0.014770511494673167,0,8,2,4,24
391.034561403509,0.5808219178082191,0.004398415391710494,0,2,2,4,3
15.78947368421,0.4191780821917808,0.01935483847242393,0,4,2,4,24
74.561403508771,0.33424657534246577,0.012142857123081486,1,3,2,4,24
1100.82973684211,0.25205479452054796,0.03768514480011728,1,3,2,3,27
548.082894736842,0.33424657534246577,0.009703293885721562,1,3,2,4,24
545.875263157895,0.8328767123287671,0.010616325688783674,0,5,2,4,24
0.0,1.3342465753424657,0.0,0,6,2,1,11
21.929824561403,0.08493150684931507,0.01666666653999962,0,2,2,4,24
74.561403508771,0.4191780821917808,0.012142857123081486,0,5,2,4,24
717.346140350877,0.16712328767123288,0.20368543040481474,0,2,2,4,24
726.784912280702,0.5808219178082191,0.003788990839335776,0,2,2,4,24
0.0,1.252054794520548,0.0,1,3,0,4,24
359.571929824561,0.25205479452054796,0.006242881833254838,0,2,2,4,24
517.783684210526,0.08493150684931507,0.011518242198955362,0,2,2,4,24
21.929824561403,0.7479452054794521,0.02921448064476865,0,8,2,4,24
21.929824561403,0.08493150684931507,0.01686909568670157,0,2,2,4,24
74.561403508771,0.6657534246575343,0.012142857123081486,0,2,2,4,24
540.970789473684,0.915068493150685,0.026752931303149693,1,3,2,4,24
136.483421052632,0.16712328767123288,0.005186369998029197,0,2,2,4,24
639.11649122807,0.915068493150685,0.020839706003428545,0,2,2,4,2
74.561403508771,0.4191780821917808,0.012142857123081486,0,2,2,4,24
461.203333333333,0.7479452054794521,0.011218777029508492,0,8,1,4,24
21.929824561403,0.4958904109589041,0.04545454451239568,0,2,2,4,24
659.999736842105,0.33424657534246577,0.011885601511584099,1,3,2,4,24
519.132105263158,0.5808219178082191,0.0510313528859397,0,2,1,4,24
21.929824561403,0.08493150684931507,0.01383125855730187,1,3,2,4,24
21.929824561403,0.16712328767123288,0.019230769062129772,0,2,2,3,16
0.0,0.5808219178082191,0.0,0,6,2,4,24
411.345087719298,0.08493150684931507,0.022330161892639814,1,3,2,4,24
74.561403508771,0.7479452054794521,0.012142857123081486,0,6,2,4,24
613.250087719298,0.4958904109589041,0.061345887837321526,0,2,2,4,12
21.929824561403,0.33424657534246577,0.010604723716873222,0,2,2,3,27
21.929824561403,0.33424657534246577,0.00877192978947348,0,5,2,1,11
74.561403508771,0.33424657534246577,0.012142857123081486,0,6,2,4,24
21.929824561403,0.08493150684931507,0.020833333135416156,0,2,2,4,24
622.95850877193,0.4191780821917808,0.039778179313467714,0,2,2,4,24
648.468157894737,1.084931506849315,0.03425337966267657,0,2,2,4,0
0.0,1.252054794520548,0.0,0,2,2,3,27
21.929824561403,0.6657534246575343,0.01686909568670157,0,5,2,4,24
21.929824561403,0.25205479452054796,0.06394025236215904,1,3,2,4,24
48.104131295981,0.5808219178082191,0.007834101369729944,0,2,2,4,24
149.566140350877,0.7479452054794521,0.014282385211555264,0,8,2,4,24
21.929824561403,0.08493150684931507,0.04166666587499906,0,2,2,4,24
21.929824561403,0.4191780821917808,0.005813953472958226,0,2,2,4,24
404.552543859649,0.8328767123287671,0.01843501593671842,0,8,2,4,24
74.561403508771,0.4191780821917808,0.03399999984495958,0,2,2,4,24
74.561403508771,0.4191780821917808,0.012142857123081486,0,2,2,4,24
535.452719298246,0.915068493150685,0.016577447548074883,1,3,2,4,24
21.929824561403,0.4958904109589041,0.07812499721679514,0,2,2,4,24
74.561403508771,0.16712328767123288,0.02428571420661195,0,2,2,4,24
21.929824561403,0.6657534246575343,0.01663959945841967,0,5,2,3,27
21.929824561403,0.08493150684931507,0.02921448064476865,0,8,2,4,24
404.773684210526,1.3342465753424657,0.02147744281372438,0,8,0,4,24
1065.02798245614,0.25205479452054796,0.002931188293822317,0,2,2,4,24
606.777807017544,0.6657534246575343,0.00345863349980286,0,2,2,4,24
21.929824561403,0.5808219178082191,0.019069412496268586,0,2,2,4,24
92.105263157894,0.16712328767123288,0.014999999975571315,1,3,2,4,24
702.355175438596,0.5808219178082191,0.05571578771549407,1,3,2,4,24
21.929824561403,0.4191780821917808,0.024752474968139798,0,5,2,4,24
823.605,0.25205479452054796,0.026882929464420953,1,3,2,4,24
597.001929824561,0.8328767123287671,0.04286273360746422,0,2,2,4,24
498.641666666667,0.25205479452054796,0.024905866619176046,1,3,2,4,24
74.561403508771,0.33424657534246577,0.012142857123081486,0,2,2,4,24
21.929824561403,0.33424657534246577,0.033333332826665917,0,6,2,4,24
597.001929824561,0.8328767123287671,0.041119263454811754,0,2,2,4,24
486.88298245614,0.16712328767123288,0.035148930270332855,0,6,2,4,24
501.827719298246,0.4191780821917808,0.01174851501302554,0,2,2,4,24
251.379323308271,0.4958904109589041,0.020615490466138506,0,0,2,4,24
67.345783814374,0.4191780821917808,0.01096774191762202,1,3,2,4,24
21.929824561403,0.4191780821917808,0.02713674716219145,0,6,2,4,12
21.929824561403,0.4191780821917808,0.02499999971499943,0,6,2,4,24
585.203421052632,0.25205479452054796,0.009762000605047024,0,2,2,4,24
74.561403508771,0.25205479452054796,0.012142857123081486,0,2,1,4,24
603.042719298246,0.0,0.013749373996865155,0,8,2,4,24
1.017807017543,0.5808219178082191,0.0004279023436793529,0,8,2,4,18
1015.97596491228,0.16712328767123288,0.04177876324099401,1,3,2,4,24
475.910438596491,0.4191780821917808,0.00457089574829301,0,8,2,4,24
74.561403508771,0.33424657534246577,0.012142857123081486,0,2,2,4,24
588.619385964912,0.4191780821917808,0.01527611122729677,0,2,2,4,24
21.929824561403,0.16712328767123288,0.033333332826665917,0,2,2,4,24
169.955438596491,0.7479452054794521,0.011822929307757357,0,2,2,4,24
382.045175438596,0.4191780821917808,0.025741256124205653,0,2,2,4,24
0.0,0.915068493150685,0.0,0,2,2,4,24
153.971578947368,0.4958904109589041,0.01077229836582591,1,3,2,4,24
942.528157894737,0.4958904109589041,0.16171900582264384,0,2,2,4,16
503.794122807018,0.5808219178082191,0.03388559761010002,0,2,2,4,24
65282.6034210526,0.33424657534246577,0.5475448685841935,0,8,2,5,26
408.371929824561,0.6657534246575343,0.006241986240621863,0,8,2,4,24
432.721720430108,0.8328767123287671,0.04094023081958053,0,2,2,4,24
799.123421052632,0.33424657534246577,0.021848399558018237,0,0,2,4,24
679.307894736842,0.6657534246575343,0.0027420640961434593,0,8,2,1,11
869.952719298246,0.4191780821917808,0.018485764363765908,1,3,2,4,24
92.105263157894,0.33424657534246577,0.10499999880299922,1,3,2,4,24
74.561403508771,0.6657534246575343,0.012142857123081486,0,2,2,4,5
359.571929824561,0.4191780821917808,0.014985926650045549,0,2,2,4,24
74.561403508771,0.08493150684931507,0.016999999961239794,0,2,2,4,24
21.929824561403,0.4191780821917808,0.02499999971499943,0,6,2,4,24
21.929824561403,0.5808219178082191,0.005803843986599062,0,2,2,3,27
592.664385964912,0.16712328767123288,0.03404685666602491,0,6,2,4,24
74.561403508771,0.6657534246575343,0.012142857123081486,0,2,1,4,24
266.712543859649,0.5808219178082191,0.006316030109152904,0,6,2,4,24
21.929824561403,0.08493150684931507,0.019230769062129772,0,2,2,4,24
1073.95701754386,0.08493150684931507,0.024006098033849635,1,3,2,4,24
615.111052631579,1.0,0.019502173880862554,0,2,2,4,0
634.096228070175,0.16712328767123288,0.037733794619633484,0,2,2,4,24
74.561403508771,0.33424657534246577,0.012142857123081486,0,8,2,4,24
74.561403508771,0.7479452054794521,0.012142857123081486,0,2,2,4,24
74.561403508771,0.6657534246575343,0.012142857123081486,0,8,2,4,24
74.561403508771,0.4958904109589041,0.02124999993943724,0,4,2,4,24
395.529122807018,0.5808219178082191,0.016245930432846906,0,2,2,4,24
21.929824561403,0.6657534246575343,0.01686909568670157,0,6,2,3,16
484.302280701754,0.25205479452054796,0.03908849030579469,0,2,2,3,16
15.78947368421,0.915068493150685,0.021034426064233218,0,2,2,4,24
21.929824561403,0.16712328767123288,0.01686909568670157,0,2,2,4,24
1073.95701754386,0.08493150684931507,0.02448621999441716,1,3,2,4,24
92.105263157894,0.16712328767123288,0.014999999975571315,1,3,2,4,24
21.929824561403,0.8328767123287671,0.01686909568670157,0,5,2,4,24
405.956754385965,0.33424657534246577,0.010650695056477253,0,5,2,4,24
74.561403508771,0.25205479452054796,0.012142857123081486,0,2,2,4,24
659.816929824561,0.4191780821917808,0.033200504749797737,0,8,2,4,24
304.038333333333,0.5808219178082191,0.005009089535333084,0,6,2,4,24
10.611205432937,0.4191780821917808,0.006538796821084267,0,4,2,3,27
15.78947368421,1.0,0.013964313297755087,0,6,1,4,24
21.929824561403,0.08493150684931507,0.02499999971499943,0,6,2,4,24
21.929824561403,0.33424657534246577,0.02921448064476865,1,3,2,4,24
21.929824561403,0.0,0.041322313270950484,0,8,2,4,24
74.561403508771,0.7479452054794521,0.042499999757749485,0,8,2,4,24
261.611403508772,0.33424657534246577,0.012881416687318941,1,3,2,4,24
74.561403508771,0.4191780821917808,0.012142857123081486,0,2,2,4,5
331.705175438596,0.16712328767123288,0.00630239833213587,0,2,2,4,24
566.325877192982,0.33424657534246577,0.009523862558056057,0,2,2,4,24
566.011315789474,0.4958904109589041,0.0058114138260478955,0,8,2,4,24
295.776958121109,0.5808219178082191,0.009331092120253582,0,2,2,4,24
21.929824561403,0.4958904109589041,0.02921448064476865,1,3,2,4,24
74.561403508771,0.4958904109589041,0.012142857123081486,0,6,2,4,24
360.246140350877,0.5808219178082191,0.02337433947345389,0,5,2,3,27
15.78947368421,1.084931506849315,0.01008397705617451,0,5,2,4,24
577.757543859649,0.8328767123287671,0.007095311758511548,1,3,2,4,24
633.529912280702,0.5808219178082191,0.0139342138716847,0,2,2,4,24
364.465789473684,0.4191780821917808,0.0153855870424987,1,3,2,4,24
563.814210526316,0.6657534246575343,0.6633108281096561,1,3,2,4,24
0.0,0.7479452054794521,0.0,0,2,2,4,27
21.929824561403,0.6657534246575343,0.02499999971499943,0,2,2,4,24
1011.93078947368,0.4191780821917808,0.03120564691731028,1,3,2,4,24
519.637719298246,0.4958904109589041,0.06601883419674417,0,6,2,4,24
505.648157894737,0.4191780821917808,0.00778362470325606,0,2,2,4,24
15.78947368421,1.0,0.04049038249557766,0,8,2,4,24
15.78947368421,1.0,0.021034426064233218,0,6,2,4,24
287.657543859649,0.16712328767123288,0.01096754514632005,0,2,2,4,24
21.929824561403,0.7479452054794521,0.012183235799761468,0,4,1,4,24
15.78947368421,1.0,0.013729976997313244,1,3,2,4,24
743.959912280702,0.7479452054794521,0.0487034063352284,0,8,2,4,24
671.878859649123,0.33424657534246577,0.05775728632832376,0,2,2,4,24
21.929824561403,0.33424657534246577,0.02921448064476865,0,8,2,4,24
854.01,0.5808219178082191,0.0037333913655404273,1,3,2,4,24
305.636140350877,0.25205479452054796,0.004473355672161706,0,2,1,4,24
0.0,0.5808219178082191,0.0,0,2,2,4,5
21.929824561403,0.6657534246575343,0.02183558654846962,0,8,2,4,24
21.929824561403,0.08493150684931507,0.010292301310278813,0,2,2,4,24
21.929824561403,0.7479452054794521,0.02921448064476865,0,2,2,4,24
444.520877192982,0.6657534246575343,0.5229657317215585,0,6,2,4,24
74.561403508771,0.5808219178082191,0.018888888841036806,0,2,2,4,24
1.414827391058,0.08493150684931507,0.0018848052028879565,1,3,2,4,24
21.929824561403,0.4958904109589041,0.012141934288619326,0,6,2,3,11
21.929824561403,0.4958904109589041,0.019069412496268586,0,2,2,4,24
643.723771929825,0.4191780821917808,0.07316559844604073,0,2,2,4,24
305.636140350877,0.25205479452054796,0.011565018146808619,0,2,2,4,24
0.0,0.33424657534246577,0.0,1,3,2,4,24
554.358947368421,0.08493150684931507,0.020508266329893023,0,2,2,4,24
594.250764006791,1.084931506849315,0.1190883292216248,0,8,2,4,24
74.561403508771,0.4191780821917808,0.016999999961239794,0,2,2,4,24
785.413157894737,0.08493150684931507,0.009929514134343826,0,8,2,4,24
74.561403508771,0.25205479452054796,0.012142857123081486,0,2,1,4,24
639.644912280702,0.16712328767123288,0.013613490808869332,0,2,2,4,24
434.992280701754,0.6657534246575343,0.2190912775039138,0,2,2,4,24
21.929824561403,0.4191780821917808,0.02921448064476865,0,8,2,4,24
0.0,0.33424657534246577,0.0,0,8,2,4,24
736.223684210526,0.33424657534246577,0.011447169217658478,0,2,2,4,24
15.78947368421,0.8328767123287671,0.021034426064233218,0,2,2,4,24
556.21298245614,0.25205479452054796,0.038129659896776975,0,6,2,4,24
368.561228070175,0.7479452054794521,0.005812946872353791,0,2,2,4,24
826.080701754386,0.4191780821917808,0.9718596376891644,0,8,2,1,11
127.19298245614,0.08493150684931507,0.0022307692303779824,0,2,2,4,9
501.827719298246,0.7479452054794521,0.03438564474529504,0,2,2,4,24
999.795263157895,0.16712328767123288,0.0828397013566418,1,3,2,4,24
847.567368421053,0.25205479452054796,0.002784264368937878,0,8,2,4,24
21.929824561403,0.8328767123287671,0.003803629264307815,0,7,2,1,11
558.728596491228,0.5808219178082191,0.03058151636796741,1,3,2,4,24
751.01447368421,0.33424657534246577,0.09249006658344165,0,2,2,4,9
21.929824561403,0.16712328767123288,0.06394025236215904,0,8,2,4,24
74.561403508771,0.4191780821917808,0.012142857123081486,0,2,2,4,24
0.0,0.5808219178082191,0.0,0,2,2,4,24
74.561403508771,0.33424657534246577,0.012142857123081486,0,6,2,4,24
413.150877192982,0.25205479452054796,0.04452141029326547,1,3,2,4,24
743.600175438596,0.4191780821917808,0.011887592201156608,1,3,2,4,24
21.929824561403,0.6657534246575343,0.019069412496268586,0,2,2,4,24
978.665087719298,0.08493150684931507,0.03897219948188753,0,8,2,4,24
270.218333333333,0.6657534246575343,0.005459173898263977,0,5,2,4,24
74.561403508771,0.6657534246575343,0.012142857123081486,0,2,2,4,24
0.0,0.7479452054794521,0.0,1,3,2,4,24
866.822456140351,0.08493150684931507,0.014295773259976443,0,2,2,4,24
0.0,0.33424657534246577,0.0,1,1,2,4,24
559.698070175439,1.167123287671233,0.016534363586624926,0,2,2,4,16
15.78947368421,0.8328767123287671,0.021034426064233218,0,2,1,4,24
74.561403508771,0.6657534246575343,0.012142857123081486,0,8,2,1,11
74.561403508771,0.16712328767123288,0.012142857123081486,0,2,2,4,24
74.561403508771,0.33424657534246577,0.012142857123081486,1,3,2,4,24
21.929824561403,0.33424657534246577,0.021929824342104755,0,5,2,4,24
627.003684210526,0.5808219178082191,0.02743553101428246,0,2,2,4,24
662.412543859649,0.6657534246575343,0.02861155936675618,0,8,2,4,24
351.640263157895,0.4191780821917808,0.010403018110795822,1,3,2,4,24
21.929824561403,0.4191780821917808,0.019069412496268586,0,2,2,4,24
0.0,0.4191780821917808,0.0,1,3,2,4,24
74.561403508771,0.4958904109589041,0.012142857123081486,0,2,1,4,24
15.78947368421,0.4191780821917808,0.017754630799941423,0,8,2,4,24
795.583859649123,1.3342465753424657,0.03136847841692117,0,2,2,3,16
627.677894736842,0.5808219178082191,0.14096701524478308,0,8,2,4,24
524.739122807018,0.25205479452054796,0.02771334829180832,0,2,2,4,24
888.044210526316,0.16712328767123288,0.009203367271773476,1,3,2,3,27
837.303157894737,0.4191780821917808,0.03739104102459841,0,8,2,4,24
15.78947368421,0.7479452054794521,0.01088929212090833,0,2,2,4,24
74.561403508771,0.4958904109589041,0.012142857123081486,0,2,2,4,24
853.719122807018,0.08493150684931507,0.019464795995562043,1,3,2,4,24
74.561403508771,0.4191780821917808,0.012142857123081486,1,3,2,4,24
724.681403508772,0.4191780821917808,0.034054675481428084,0,2,2,4,24
74.561403508771,0.33424657534246577,0.012142857123081486,0,2,2,4,24
457.622807017544,0.25205479452054796,0.013818775348614013,0,8,2,4,24
415.305701754386,0.33424657534246577,0.005981483052833945,0,4,2,4,24
435.972807017544,0.6657534246575343,0.5129091786922968,0,8,2,4,24
74.561403508771,0.5808219178082191,0.012142857123081486,0,2,2,4,24
92.105263157894,0.16712328767123288,0.01615384612551467,0,2,2,4,24
74.561403508771,0.4958904109589041,0.012142857123081486,0,2,2,4,24
74.561403508771,0.5808219178082191,0.012142857123081486,1,3,2,4,24
21.929824561403,0.33424657534246577,0.007832080172529355,0,2,1,3,27
568.968771929825,0.33424657534246577,0.030830309895631226,0,8,2,4,24
613.991666666667,0.16712328767123288,0.04255323479221573,0,2,2,4,24
409.74350877193,0.25205479452054796,0.05751352541270248,0,8,2,4,24
449.465,0.4958904109589041,0.01536110536815301,0,6,2,4,3
637.106315789474,0.4191780821917808,0.003510599038098328,0,0,2,4,5
15.78947368421,1.252054794520548,0.004959394938238257,0,2,2,4,24
0.0,0.8328767123287671,0.0,0,2,2,4,0
0.0,0.4191780821917808,0.0,1,3,2,4,24
592.170175438596,0.08493150684931507,0.013236745095080407,1,1,2,4,24
226.530350877193,0.6657534246575343,0.010157113073125215,0,2,2,4,24
680.669824561404,0.4191780821917808,0.08477928480877513,0,2,2,4,24
21.929824561403,0.25205479452054796,0.01500573208701772,0,0,2,4,24
627.63298245614,0.5808219178082191,0.030407075659832517,0,2,2,4,24
426.429912280702,0.4958904109589041,0.05132957644527409,0,2,2,4,24
395.806666666667,0.4958904109589041,0.014932368766818365,0,8,2,4,24
21.929824561403,0.33424657534246577,0.019145497960422985,0,8,2,4,24
74.561403508771,0.25205479452054796,0.012142857123081486,0,2,2,4,24
21.929824561403,0.16712328767123288,0.02499999971499943,0,2,1,4,24
15.78947368421,1.084931506849315,0.0037704776120593203,1,3,2,4,19
74.561403508771,0.33424657534246577,0.08499999903099897,0,2,2,4,24
347.661140350877,0.7479452054794521,0.09009488345784847,0,2,2,4,27
21.929824561403,0.08493150684931507,0.004807692297152255,0,2,2,3,16
15.78947368421,0.4191780821917808,0.023999999635199217,0,6,2,4,12
403.96201754386,0.33424657534246577,0.03135829964799057,0,8,2,4,24
74.561403508771,0.4191780821917808,0.012142857123081486,0,8,2,4,12
74.561403508771,0.4191780821917808,0.012142857123081486,1,3,2,4,24
21.929824561403,0.5808219178082191,0.015124016834595055,0,2,2,4,24
21.929824561403,0.4958904109589041,0.019069412496268586,0,2,2,4,24
568.301315789474,0.4191780821917808,0.024273896456136587,0,5,2,1,11
323.614736842105,0.25205479452054796,0.009244050211596822,0,2,2,4,24
687.68149122807,0.7479452054794521,0.023348964688522024,0,2,2,4,24
0.0,0.4958904109589041,0.0,1,3,2,4,24
471.938245614035,0.08493150684931507,0.03992134592972002,0,2,2,4,24
519.132105263158,0.25205479452054796,0.012884713270257449,0,2,2,4,24
331.705175438596,0.7479452054794521,0.01145439371972916,0,2,2,4,24
622.95850877193,0.08493150684931507,0.021140056015235137,0,2,2,4,24
645.017456140351,0.8328767123287671,0.02432480559282368,1,3,2,3,27
573.067894736842,0.4958904109589041,0.03049588094619991,0,2,1,4,24
15.78947368421,1.167123287671233,0.014999999857499481,0,2,2,4,24
74.561403508771,0.25205479452054796,0.018888888841036806,0,2,2,4,24
561.566842105263,0.16712328767123288,0.009318576417667663,1,3,2,4,24
74.561403508771,0.4191780821917808,0.016999999961239794,0,5,2,4,24
340.604561403509,0.4958904109589041,0.008136751518684062,0,5,2,4,24
773.040175438596,0.4191780821917808,0.13291291603595426,1,3,2,4,24
74.561403508771,0.5808219178082191,0.16999999612399802,0,6,2,3,27
21.929824561403,0.16712328767123288,0.02499999971499943,0,2,2,4,24
21.929824561403,0.6657534246575343,0.01686909568670157,0,6,2,4,24
74.561403508771,0.33424657534246577,0.012142857123081486,1,3,2,4,24
0.0,0.33424657534246577,0.0,1,3,2,4,24
622.95850877193,0.25205479452054796,0.011910581334254735,0,2,2,4,24
21.929824561403,0.25205479452054796,0.02921448064476865,0,5,0,4,24
512.125614035088,0.25205479452054796,0.018776856738023553,1,3,2,4,24
74.561403508771,0.25205479452054796,0.012142857123081486,0,2,2,4,24
796.955438596491,0.5808219178082191,0.003951508266171977,0,0,2,4,24
21.929824561403,0.16712328767123288,0.01686909568670157,0,2,2,4,24
21.929824561403,0.08493150684931507,0.02499999971499943,0,2,2,4,24
772.815438596491,0.4958904109589041,0.013614385161823152,1,3,2,4,24
588.043531409168,0.5808219178082191,0.01754256897249023,1,3,2,4,24
21.929824561403,0.08493150684931507,0.015566625045168057,0,2,2,4,24
777.310087719298,0.25205479452054796,0.013260707228672751,1,3,2,4,24
1087.09192982456,0.6657534246575343,0.03437377142307549,0,8,2,4,2
350.133245614035,0.5808219178082191,0.02051195097536846,0,8,2,4,24
281.895789473684,0.16712328767123288,0.01071203999592942,1,3,2,4,24
21.929824561403,0.08493150684931507,0.015664160289115284,1,3,2,4,24
391.034561403509,0.33424657534246577,0.00588306621332674,0,2,2,4,3
692.288245614035,0.25205479452054796,0.006962354117427386,0,5,2,4,24
483.579385964912,0.7479452054794521,0.004782263135319255,0,6,2,4,24
499.805087719298,0.6657534246575343,0.014339999583135313,0,6,2,4,24
74.561403508771,0.7479452054794521,0.012142857123081486,0,6,2,4,24
0.0,0.5808219178082191,0.0,0,2,2,4,5
21.929824561403,0.8328767123287671,0.02921448064476865,0,8,2,4,24
74.561403508771,0.4958904109589041,0.02124999993943724,1,3,2,4,24
15.78947368421,1.0,0.014814692744184742,0,5,2,4,24
1027.23903508772,0.08493150684931507,0.004587748010129806,1,3,2,3,17
21.929824561403,0.4958904109589041,0.01686909568670157,0,6,2,4,24
674.871754385965,0.4191780821917808,0.017644766175581448,0,2,2,4,24
74.561403508771,0.33424657534246577,0.012142857123081486,0,2,2,4,24
15.78947368421,1.0,0.009394424874820822,0,5,2,4,24
0.0,0.7479452054794521,0.0,0,2,2,4,4
695.736140350877,0.4191780821917808,0.02756013952385322,1,3,2,4,24
74.561403508771,0.33424657534246577,0.012142857123081486,0,2,2,4,24
21.929824561403,0.33424657534246577,0.02921448064476865,0,6,2,4,24
256.195,0.33424657534246577,0.004349401339544553,0,2,2,4,24
276.420964912281,0.16712328767123288,0.005305741067892107,0,4,2,4,24
370.134385964912,0.08493150684931507,0.004537131182239534,0,6,2,4,24
15.78947368421,0.5808219178082191,0.007058823497854428,0,2,2,4,0
667.45552631579,0.4191780821917808,0.029573111400558308,0,2,2,4,24
601.60298245614,0.4191780821917808,0.027905264219982986,0,2,2,4,25
677.335701754386,0.08493150684931507,0.03099561254201385,1,3,2,4,24
483.138947368421,0.4958904109589041,0.015398523714166059,0,6,2,4,24
867.968596491228,0.33424657534246577,0.016146645168096274,0,2,2,4,24
773.040175438596,0.4191780821917808,0.027523549575894486,1,3,2,4,24
0.0,0.7479452054794521,0.0,0,0,2,4,24
21.929824561403,0.08493150684931507,0.018382352787088687,0,2,2,4,24
613.991666666667,1.0,0.02900558105475633,0,2,2,4,24
74.561403508771,0.16712328767123288,0.012142857123081486,0,6,2,4,24
21.929824561403,0.25205479452054796,0.029475570250870022,0,2,2,4,24
74.561403508771,0.4958904109589041,0.03399999984495958,1,3,2,4,24
850.837280701754,0.25205479452054796,0.3619044139016205,0,2,2,4,24
696.014561403509,0.5808219178082191,0.0030202227054208965,0,8,2,4,24
424.744473684211,0.25205479452054796,0.017787403563192417,0,8,2,4,24
955.972456140351,0.4191780821917808,0.027359660451872648,1,3,2,4,24
658.859561403509,0.7479452054794521,0.027365195142833462,0,8,2,4,24
502.32298245614,0.16712328767123288,0.01974648964740996,0,8,2,4,24
334.626666666667,0.4191780821917808,0.006867784740031192,0,2,2,4,24
373.145877192982,0.8328767123287671,0.013786660274693042,0,6,2,4,24
622.95850877193,0.4958904109589041,0.018882635198955663,0,2,2,4,24
643.723771929825,0.33424657534246577,0.00531503473933386,0,2,2,4,24
74.561403508771,0.33424657534246577,0.012142857123081486,0,2,2,4,24
554.358947368421,0.6657534246575343,0.016476101184151624,0,2,2,4,24
15.78947368421,0.6657534246575343,0.006315789448420842,0,6,2,3,27
21.929824561403,0.4958904109589041,0.02921448064476865,1,3,2,4,24
274.825350877193,0.7479452054794521,0.00779911498872305,0,5,2,4,5
21.929824561403,0.33424657534246577,0.055549381994748286,1,3,2,4,24
1103.69307017544,0.0,0.0251642019942626,1,3,2,3,16
488.901867572156,0.08493150684931507,0.012385513975356957,0,6,2,4,24
21.929824561403,0.25205479452054796,0.009503715911751176,1,3,2,4,24
21.929824561403,0.08493150684931507,0.011473152762370572,0,2,2,4,24
21.929824561403,0.16712328767123288,0.02921448064476865,1,3,1,4,24
816.277894736842,0.33424657534246577,0.0158569921201989,0,8,2,4,24
15.78947368421,0.6657534246575343,0.005999999977199802,0,5,2,3,27
0.0,0.4191780821917808,0.0,0,2,2,4,24
21.929824561403,0.4958904109589041,0.025799793298123607,0,2,2,4,3
21.929824561403,0.6657534246575343,0.019069412496268586,0,2,2,4,24
21.929824561403,0.08493150684931507,0.05555555414814692,0,6,2,4,24
493.006929824561,0.16712328767123288,0.008224959022218504,0,6,2,4,24
74.561403508771,0.16712328767123288,0.012142857123081486,0,2,2,4,24
21.929824561403,0.16712328767123288,0.02499999971499943,0,5,2,4,24
21.929824561403,0.25205479452054796,0.062499998218748624,0,6,2,4,24
21.929824561403,0.16712328767123288,0.029205607087681662,1,1,2,4,24
850.837280701754,0.25205479452054796,0.10138384982405622,0,2,2,4,24
21.929824561403,0.4958904109589041,0.02840909054106338,0,2,2,4,24
74.561403508771,0.8328767123287671,0.012142857123081486,0,6,2,4,24
0.0,0.4191780821917808,0.0,1,3,2,4,24
867.01798245614,0.16712328767123288,0.008905495833308345,1,3,2,4,24
74.561403508771,0.4958904109589041,0.012142857123081486,0,2,2,4,24
74.561403508771,0.25205479452054796,0.012142857123081486,1,3,2,4,24
862.151228070176,0.08493150684931507,0.019271615681966756,1,3,2,4,24
688.187105263158,0.6657534246575343,0.03191592370754777,0,8,2,4,24
74.561403508771,1.3342465753424657,0.012142857123081486,0,2,2,4,24
450.701403508772,0.16712328767123288,0.015175870991025199,0,2,2,4,24
611.915175438596,0.4958904109589041,0.005171667745168886,0,2,2,4,24
346.08798245614,0.4191780821917808,0.010127139730359398,0,2,2,4,24
724.04850877193,0.33424657534246577,0.0169461087147827,1,3,2,4,24
74.561403508771,0.16712328767123288,0.018888888841036806,0,2,2,4,24
21.929824561403,0.33424657534246577,0.010964912225876939,0,5,2,3,27
920.446140350877,0.33424657534246577,0.11444089853804927,1,3,2,4,24
507.630964912281,0.08493150684931507,0.069038000080284,1,3,2,4,3
21.929824561403,0.25205479452054796,0.011061946846855393,0,2,2,4,24
241.947894736842,0.4191780821917808,0.008295019597864042,0,2,2,4,24
21.929824561403,0.4958904109589041,0.02840909054106338,0,2,2,4,24
74.561403508771,0.6657534246575343,0.012142857123081486,0,2,2,4,24
74.561403508771,0.6657534246575343,0.012142857123081486,0,2,2,4,24
1023.8601754386,0.25205479452054796,0.027507037001716226,1,3,2,4,24
21.929824561403,0.08493150684931507,0.008275405463641111,1,3,2,4,24
21.929824561403,0.33424657534246577,0.02921448064476865,1,3,2,4,24
192.800087719298,0.4958904109589041,0.33794931523191035,0,6,2,4,27
0.0,0.4191780821917808,0.0,1,3,2,4,24
761.047631578947,0.25205479452054796,0.009043374396355532,0,2,2,4,24
21.929824561403,0.33424657534246577,0.00888099463543731,0,7,2,4,24
0.0,0.6657534246575343,0.0,1,3,2,4,24
74.561403508771,0.25205479452054796,0.012142857123081486,0,2,2,4,24
32.309941520467,0.7479452054794521,0.00526190475333524,0,2,2,4,24
74.561403508771,0.5808219178082191,0.012142857123081486,0,2,2,4,24
74.561403508771,0.25205479452054796,0.03399999984495958,0,6,2,4,24
389.002894736842,0.25205479452054796,0.03412568677267925,0,5,2,4,24
440.925175438596,0.5808219178082191,0.008571467790276734,0,6,2,4,24
496.90949122807,0.915068493150685,0.022629021449196575,0,0,2,4,24
971.478947368421,0.33424657534246577,0.013969839647432666,1,3,2,4,24
0.0,0.5808219178082191,0.0,0,8,2,4,24
0.0,1.3342465753424657,0.0,0,2,2,4,16
21.929824561403,0.4191780821917808,0.02921448064476865,0,5,2,4,24
519.132105263158,0.08493150684931507,0.013066181293684344,0,2,1,4,24
1148.11868421053,0.16712328767123288,0.023744375956013055,1,3,2,4,24
74.561403508771,0.4958904109589041,0.012142857123081486,0,2,2,4,24
74.561403508771,0.25205479452054796,0.012142857123081486,0,2,2,4,24
21.929824561403,0.25205479452054796,0.018796992320085523,0,2,2,4,24
15.78947368421,1.4191780821917808,0.005318639686793261,0,2,1,4,24
74.561403508771,0.16712328767123288,0.013076923053988006,0,2,2,4,24
74.561403508771,0.7479452054794521,0.012142857123081486,0,6,2,4,20
48.457113752122,0.5808219178082191,0.004783417842975436,0,2,2,4,24
92.105263157894,0.25205479452054796,0.0190909090513387,0,2,2,4,24
938.836140350877,0.4191780821917808,0.03767031610246797,0,2,2,4,16
5.427105263157,0.33424657534246577,0.00123737999717857,0,5,2,4,24
21.929824561403,0.25205479452054796,0.02790988420951025,0,6,2,4,24
0.0,0.4191780821917808,0.0,0,2,2,1,11
834.521666666667,0.33424657534246577,0.008314896468799394,0,2,2,3,27
588.085350877193,0.08493150684931507,0.028882358248782544,1,3,2,4,24
21.929824561403,0.33424657534246577,0.02499999971499943,0,2,2,4,24
818.282280701754,0.25205479452054796,0.02507422206234176,1,3,2,4,24
368.561228070175,0.33424657534246577,0.012802334009386405,0,2,2,4,24
21.929824561403,0.16712328767123288,0.026881720100589063,0,2,2,4,24
314.625438596491,0.4191780821917808,0.012649936123269452,0,2,2,4,24
358.448333333333,0.33424657534246577,0.008172621998136637,0,2,2,4,5
582.326842105263,0.25205479452054796,0.0042432434830601455,0,2,2,4,24
217.535614035088,0.4191780821917808,0.008866265544669422,0,2,2,4,24
345.773333333333,0.4191780821917808,0.01460331008377554,0,6,2,4,24
559.698070175439,1.4958904109589042,0.03322520289404921,0,2,2,4,16
15.78947368421,0.25205479452054796,0.005958291933821539,0,5,2,3,16
74.561403508771,0.5808219178082191,0.03399999984495958,0,2,2,4,24
74.561403508771,0.4958904109589041,0.01545454542251221,0,2,2,4,24
21.929824561403,0.16712328767123288,0.023809523551019868,0,2,2,4,24
663.115263157895,0.25205479452054796,0.1894206757041352,0,2,2,4,24
697.752456140351,0.4191780821917808,0.027410486810666067,0,8,2,4,24
729.116842105263,0.25205479452054796,0.017762310892935458,1,3,2,4,24
493.006929824561,0.33424657534246577,0.003705638065732881,0,4,2,4,24
74.561403508771,0.25205479452054796,0.012142857123081486,0,8,2,4,24
21.929824561403,0.33424657534246577,0.0074338388091744435,0,2,2,4,24
918.019035087719,0.25205479452054796,0.02072829779749464,1,3,2,4,24
980.917719298246,0.25205479452054796,0.04076032988679407,1,3,2,4,24
622.95850877193,0.33424657534246577,0.024678842993804753,0,2,2,4,24
21.929824561403,0.25205479452054796,0.033333332826665917,0,6,2,4,24
642.30798245614,0.5808219178082191,0.03463296830599259,0,8,2,4,24
15.78947368421,1.084931506849315,0.021034426064233218,0,6,2,4,24
830.449298245614,0.33424657534246577,0.013842187640479129,0,8,2,4,24
615.019736842105,0.4191780821917808,0.006992414007041086,0,8,2,4,24
74.561403508771,0.7479452054794521,0.012142857123081486,0,2,2,4,24
687.417105263158,0.4958904109589041,0.011298133689023488,1,3,2,3,16
74.561403508771,0.33424657534246577,0.012142857123081486,0,2,2,4,24
634.487280701754,1.252054794520548,0.026462644586674258,0,8,2,4,24
21.929824561403,0.4191780821917808,0.01569218204256256,1,3,2,4,24
21.929824561403,0.5808219178082191,0.02921448064476865,0,4,2,4,24
761.047631578947,0.08493150684931507,0.007073337028619336,0,2,2,4,24
877.571315789474,0.8328767123287671,0.010381743354829998,0,2,2,4,24
703.423947368421,0.4191780821917808,0.03537611504873682,0,2,2,4,24
45.698924731182,0.8328767123287671,0.007442396301243454,0,2,2,4,24
21.929824561403,0.16712328767123288,0.01686909568670157,0,2,2,4,24
529.083245614035,0.7479452054794521,0.035721830951370354,0,6,2,3,16
21.929824561403,0.8328767123287671,0.015664160289115284,1,3,2,4,24
674.871754385965,0.08493150684931507,0.022767800352825836,0,2,2,4,24
21.929824561403,0.33424657534246577,0.010604723716873222,1,3,2,3,16
703.943157894737,0.25205479452054796,0.010456440357290516,0,8,2,4,24
271.836403508772,0.33424657534246577,0.008270663746182568,0,2,2,4,24
830.341666666667,0.7479452054794521,0.06746227559998887,0,2,2,4,24
1008.15535087719,0.4958904109589041,0.06292815119453805,1,3,2,4,24
0.0,0.25205479452054796,0.0,0,2,2,4,24
21.929824561403,0.7479452054794521,0.02921448064476865,0,2,2,4,24
15.78947368421,1.0,0.00501059181850486,0,8,2,4,24
259.467192982456,0.08493150684931507,0.005915851998651185,0,2,2,4,24
74.561403508771,0.16712328767123288,0.02428571420661195,0,6,2,4,24
751.865087719298,0.25205479452054796,0.009763204810862043,0,2,2,4,24
6.965701754385,0.33424657534246577,0.003176359985515359,1,3,2,4,24
74.561403508771,0.4191780821917808,0.01416666663974983,0,0,2,4,24
15.78947368421,1.167123287671233,0.008601328380534361,0,6,2,4,5
372.960789473684,0.33424657534246577,0.036418929005843724,1,3,2,4,24
323.879122807018,0.25205479452054796,0.015404155360023099,1,3,2,4,24
0.0,0.4191780821917808,0.0,0,2,2,4,24
341.013469156763,1.252054794520548,0.009270228008294296,0,2,2,4,10
631.291578947368,0.33424657534246577,0.029639152019308515,0,8,2,4,24
74.561403508771,0.6657534246575343,0.012142857123081486,0,2,2,4,24
21.929824561403,0.4191780821917808,0.00877192978947348,0,2,2,3,17
358.358421052632,0.4191780821917808,0.004780214456246327,0,5,2,4,24
21.929824561403,0.08493150684931507,0.008928571392219191,0,2,2,3,16
562.280701754386,0.25205479452054796,0.004130048194330802,0,8,2,4,24
21.929824561403,0.33424657534246577,0.01893939377582593,0,2,2,4,24
885.181666666666,0.16712328767123288,0.021319764636122597,1,3,2,4,24
21.929824561403,0.16712328767123288,0.033333332826665917,0,2,2,4,24
74.561403508771,0.915068493150685,0.012142857123081486,0,2,2,4,9
21.929824561403,0.33424657534246577,0.02921448064476865,1,3,2,4,24
760.736754385965,0.16712328767123288,0.029904824126175313,1,3,2,4,24
74.561403508771,0.33424657534246577,0.012142857123081486,0,2,2,4,24
364.010101867573,1.0,0.007277089484288524,0,8,2,4,24
287.208070175439,0.4191780821917808,0.22976645430221956,0,2,2,4,24
749.666666666666,0.16712328767123288,0.028352629977536042,0,0,2,4,24
588.349736842105,0.4958904109589041,0.029261310996982353,0,2,2,4,24
938.48298245614,0.16712328767123288,0.003397237489465767,0,2,2,4,24
548.082894736842,0.4191780821917808,0.04397862915562303,1,3,2,4,24
0.0,0.33424657534246577,0.0,1,3,2,4,24
376.143771929825,0.33424657534246577,0.01470596062118236,0,8,2,4,24
21.929824561403,0.7479452054794521,0.02804797289472195,0,8,2,4,24
639.11649122807,1.252054794520548,0.052117876508586805,0,2,2,4,2
493.006929824561,0.33424657534246577,0.028402862971388693,0,6,2,4,24
371.707543859649,1.167123287671233,0.016578427636920554,0,2,2,4,24
519.132105263158,0.25205479452054796,0.013794594297007122,0,2,2,4,24
499.625350877193,0.915068493150685,0.012996609445211398,0,2,2,4,9
74.561403508771,0.4191780821917808,0.012142857123081486,0,2,2,4,3
21.929824561403,0.25205479452054796,0.04999999885999888,0,5,2,4,24
21.929824561403,0.4191780821917808,0.05555555414814692,0,6,2,4,24
74.561403508771,0.5808219178082191,0.012142857123081486,0,2,2,4,24
706.538771929824,0.33424657534246577,0.032867511961264,0,8,2,4,24
519.132105263158,0.25205479452054796,0.04827961861983887,0,2,1,4,24
21.929824561403,0.4191780821917808,0.01686909568670157,0,6,2,4,24
74.561403508771,0.33424657534246577,0.012142857123081486,0,2,2,4,24
21.929824561403,0.25205479452054796,0.04127183202281591,0,6,2,4,24
21.929824561403,0.4958904109589041,0.07142856910203926,0,2,2,4,24
503.400789473684,1.167123287671233,0.004500019054287506,0,2,2,4,5
21.929824561403,0.33424657534246577,0.02921448064476865,0,6,2,4,24
74.561403508771,0.16712328767123288,0.08499999903099897,0,5,2,4,24
411.530175438596,0.6657534246575343,0.008611541859803706,0,6,2,4,24
627.003684210526,0.4191780821917808,0.007959548829139414,0,2,2,4,24
74.561403508771,0.6657534246575343,0.012142857123081486,0,2,2,4,24
21.929824561403,0.16712328767123288,0.026881720100589063,0,6,2,4,24
74.561403508771,0.25205479452054796,0.012142857123081486,0,2,2,4,24
501.827719298246,0.33424657534246577,0.012700229144702813,0,2,2,4,24
15.78947368421,0.7479452054794521,0.01799999979479941,0,8,2,4,24
21.929824561403,0.4958904109589041,0.011904761840135808,0,8,2,1,11
585.745,0.5808219178082191,0.01916877061040366,0,8,2,4,2
891.815,0.16712328767123288,0.00634011079116112,0,8,2,4,24
578.46149122807,0.4958904109589041,0.6805429228501657,0,2,2,4,24
74.561403508771,0.4191780821917808,0.012142857123081486,0,2,2,4,24
294.849035087719,0.25205479452054796,0.011140923465556939,0,2,2,4,24
764.09052631579,0.25205479452054796,0.027208617155672642,0,2,2,4,24
0.0,0.4958904109589041,0.0,0,6,2,4,24
311.007280701754,1.0,0.0044898383276727105,0,4,2,4,24
74.561403508771,0.5808219178082191,0.012142857123081486,0,2,2,4,24
0.0,1.5808219178082192,0.0,0,2,1,4,24
518.266842105263,0.6657534246575343,0.009542936608474748,0,6,2,4,24
74.561403508771,0.33424657534246577,0.012142857123081486,0,2,2,4,24
15.78947368421,1.084931506849315,0.021034426064233218,0,8,2,4,24
21.929824561403,0.4191780821917808,0.01686909568670157,0,2,2,4,24
519.132105263158,0.5808219178082191,0.0074247383625189395,0,2,2,4,24
0.0,0.7479452054794521,0.0,0,2,2,4,5
21.929824561403,0.4191780821917808,0.019230769062129772,0,6,2,3,16
74.561403508771,0.5808219178082191,0.012142857123081486,0,8,2,4,12
21.929824561403,0.16712328767123288,0.02921448064476865,1,3,2,4,24
21.929824561403,0.16712328767123288,0.01686909568670157,0,2,2,4,24
763.54649122807,0.8328767123287671,0.026736126779472798,1,3,2,4,20
501.827719298246,0.08493150684931507,0.0070145660937964835,0,2,2,4,24
825.204298245614,0.08493150684931507,0.0062061808941103564,0,2,2,4,24
15.78947368421,1.252054794520548,0.005318639686793261,0,5,2,4,24
74.561403508771,0.33424657534246577,0.012142857123081486,0,8,2,4,24
0.0,0.33424657534246577,0.0,1,3,2,4,24
494.901140350877,1.0,0.07952236163522697,0,2,2,4,16
21.929824561403,0.33424657534246577,0.02921448064476865,1,3,2,4,24
74.561403508771,0.33424657534246577,0.01545454542251221,0,2,2,4,24
658.657280701754,0.33424657534246577,0.054231266147209745,0,2,2,4,24
21.929824561403,0.08493150684931507,0.009578544019465146,0,6,2,4,24
497.153245614035,0.6657534246575343,0.005471566432883232,0,8,2,4,24
21.929824561403,0.08493150684931507,0.02212252316033745,1,3,2,4,24
674.871754385965,0.33424657534246577,0.05053326498544608,0,2,2,4,24
15.78947368421,1.252054794520548,0.005318639686793261,0,2,2,4,24
15.78947368421,1.167123287671233,0.00771700206130797,0,5,2,4,24
24473.3637719298,0.4958904109589041,28.792192334126913,0,8,2,5,26
21.929824561403,0.08493150684931507,0.02499999971499943,1,3,2,4,24
553.740877192982,0.08493150684931507,0.021042153325337307,0,2,2,4,24
74.561403508771,0.4958904109589041,0.02428571420661195,0,6,2,4,24
0.0,1.4958904109589042,0.0,0,2,1,4,24
15.78947368421,0.33424657534246577,0.021034426064233218,0,6,2,4,24
329.031578947368,0.08493150684931507,0.012503199995248774,1,3,2,4,24
664.273333333333,0.4191780821917808,0.03782422387349984,0,8,2,4,24
0.0,1.3342465753424657,0.0,0,2,1,4,16
981.322280701754,0.6657534246575343,0.03707573878653853,1,3,2,4,24
765.624035087719,0.4958904109589041,0.00978126253615247,1,3,2,4,24
422.070087719298,0.16712328767123288,0.01335631094838925,0,5,2,4,24
194.793596491228,1.252054794520548,0.006218314037789367,0,8,2,4,24
680.995701754386,0.33424657534246577,0.02677565101052584,0,7,2,4,24
21.929824561403,0.08493150684931507,0.013047812326140162,0,6,2,4,24
712.060438596491,0.4958904109589041,0.011962711068099855,0,2,2,4,24
507.502192982456,0.4958904109589041,0.008323751455698625,0,2,2,4,24
500.591666666667,0.8328767123287671,0.01642342204390441,0,2,2,4,24
646.649824561404,1.252054794520548,0.02478582664725448,0,8,1,4,24
92.105263157894,0.25205479452054796,0.0190909090513387,0,2,2,4,24
14.261460101868,0.5808219178082191,0.005721125095331309,0,8,2,4,24
644.171052631579,0.33424657534246577,0.03547122035409763,0,8,2,4,16
21.929824561403,0.33424657534246577,0.008926499169206192,0,2,2,4,24
74.561403508771,0.6657534246575343,0.012142857123081486,0,2,2,4,24
493.006929824561,0.4191780821917808,0.06821852869190886,0,6,2,4,24
790.483070175439,0.4958904109589041,0.022637756974501995,0,2,2,4,24
74.561403508771,0.16712328767123288,0.02428571420661195,1,3,2,4,24
21.929824561403,0.08493150684931507,0.02499999971499943,1,3,1,4,24
696.014561403509,0.5808219178082191,0.007008147117843272,0,0,2,4,24
74.561403508771,0.5808219178082191,0.012142857123081486,0,2,1,4,24
0.0,1.0,0.0,0,2,2,4,24
575.050789473684,0.4958904109589041,0.03784493431083952,1,3,2,4,24
674.871754385965,0.4958904109589041,0.008807621029058348,0,2,2,4,24
757.932894736842,0.33424657534246577,0.012920898768549337,0,2,2,3,16
328.464561403509,0.08493150684931507,0.018722479989328203,1,3,2,4,24
292.152280701754,0.4191780821917808,0.013152409518681994,0,2,2,4,5
255.886315789474,0.915068493150685,0.0024309199997690667,0,2,2,4,9
74.561403508771,0.5808219178082191,0.02428571420661195,0,6,2,4,24
74.561403508771,0.25205479452054796,0.01545454542251221,0,2,2,4,24
613.991666666667,1.167123287671233,0.01883431811812724,0,2,1,4,24
74.561403508771,0.4191780821917808,0.013076923053988006,0,2,2,4,24
563.814210526316,0.08493150684931507,0.012854963997069075,1,3,2,4,24
21.929824561403,0.25205479452054796,0.026881720100589063,0,2,2,4,24
74.561403508771,0.4958904109589041,0.012142857123081486,0,2,2,4,24
15.78947368421,0.915068493150685,0.021052631298244917,0,6,2,4,24
503.119912280702,0.08493150684931507,0.011764063893901505,0,8,2,4,24
21.929824561403,0.16712328767123288,0.012693512526107186,0,2,2,4,24
754.224736842105,0.33424657534246577,0.011438730506692389,0,8,2,4,24
74.561403508771,0.5808219178082191,0.012142857123081486,1,3,2,4,24
21.929824561403,0.33424657534246577,0.0010341116190386807,0,2,2,4,24
74.561403508771,0.4191780821917808,0.012142857123081486,0,8,2,4,24
21.929824561403,0.08493150684931507,0.033333332826665917,0,2,2,4,24
383.096228070175,0.08493150684931507,0.014581959927671606,1,3,2,4,24
684.876842105263,0.16712328767123288,0.007673313021253305,0,8,2,4,24
749.231403508772,0.915068493150685,0.05011884186092585,0,2,2,4,2
21.929824561403,0.4958904109589041,0.025799793298123607,0,2,2,4,24
384.652105263158,0.33424657534246577,2.766408229530917,0,6,2,4,24
74.561403508771,0.4958904109589041,0.016999999961239794,0,8,2,4,24
74.561403508771,0.6657534246575343,0.012142857123081486,0,2,2,4,24
530.483684210526,1.4191780821917808,0.007421455472172756,0,2,2,4,16
21.929824561403,0.08493150684931507,0.014611338301244982,0,0,2,4,24
696.014561403509,0.25205479452054796,0.15462167710603186,0,0,2,4,24
456.20701754386,0.7479452054794521,0.013397311600074253,0,2,2,4,24
659.92701754386,0.8328767123287671,0.06615495542100042,0,5,2,4,24
613.991666666667,0.16712328767123288,0.07855168495230609,0,2,2,4,24
597.001929824561,0.7479452054794521,0.02441736195619691,0,2,2,4,24
424.744473684211,0.08493150684931507,0.009684173997792022,0,6,2,4,12
380.696754385965,0.33424657534246577,0.01395584171683878,0,2,2,4,24
21.929824561403,0.08493150684931507,0.01612903213943768,0,5,2,4,24
368.561228070175,0.33424657534246577,0.021897955756391505,0,2,2,4,24
1007.88561403509,0.08493150684931507,0.03970822311686901,1,3,2,4,24
0.0,0.33424657534246577,0.0,1,3,2,4,24
642.30798245614,0.16712328767123288,0.058511457221244866,0,8,2,4,24
215.743157894737,0.5808219178082191,0.004567264622988551,0,2,2,4,24
21.929824561403,0.4958904109589041,0.02921448064476865,1,3,2,4,24
74.561403508771,0.5808219178082191,0.03399999984495958,0,2,2,4,24
814.866842105263,0.4191780821917808,0.01978349810437257,1,3,2,3,16
74.561403508771,0.25205479452054796,0.01545454542251221,1,3,2,4,24
21.929824561403,0.33424657534246577,0.01686909568670157,0,6,2,4,24
21.929824561403,0.16712328767123288,0.01686909568670157,0,2,2,4,24
21.929824561403,0.25205479452054796,0.007832080172529355,0,2,1,3,16
74.561403508771,0.6657534246575343,0.012142857123081486,0,2,2,4,24
346.261052631579,0.4191780821917808,0.03868968258653163,0,6,2,4,5
400.877719298246,0.08493150684931507,0.009879748269692365,0,2,2,4,24
74.561403508771,0.5808219178082191,0.012142857123081486,0,8,2,4,24
15.78947368421,1.167123287671233,0.005318639686793261,0,6,2,4,24
773.040175438596,0.08493150684931507,0.018188215811723796,1,3,2,4,24
921.588333333334,0.25205479452054796,0.04996804852313065,1,3,2,4,24
715.957894736842,0.33424657534246577,0.015769845329962888,0,2,2,4,27
74.561403508771,0.4958904109589041,0.02124999993943724,0,2,2,4,24
761.208684210526,0.4191780821917808,0.11959963816488359,1,3,2,4,24
911.668859649123,0.08493150684931507,0.03647950299768394,0,2,2,4,16
74.561403508771,0.33424657534246577,0.012142857123081486,0,2,2,4,24
21.929824561403,0.16712328767123288,0.026881720100589063,0,6,2,4,24
21.929824561403,0.25205479452054796,0.00902191600132426,0,6,2,4,24
768.320789473684,0.6657534246575343,0.007258310233127037,1,3,2,4,24
15.0,1.167123287671233,0.00316462899054132,0,8,1,4,24
0.0,1.4191780821917808,0.0,0,2,2,4,24
21.929824561403,0.4191780821917808,0.015624999888671496,0,4,2,1,11
21.929824561403,0.33424657534246577,0.06659562930423349,0,4,2,4,24
74.561403508771,0.5808219178082191,0.018888888841036806,0,2,2,4,24
289.311666666667,1.0,0.007067117356691486,0,8,2,4,24
762.921929824561,0.08493150684931507,0.0032093394832598274,0,2,2,4,24
458.31947368421,0.8328767123287671,0.05149225615959502,0,2,2,4,24
825.392280701754,0.7479452054794521,0.0027298225419139866,1,3,2,3,27
695.874561403509,0.7479452054794521,0.02865376633107773,0,2,2,4,24
21.929824561403,0.08493150684931507,0.02921448064476865,0,8,2,4,24
882.206228070176,0.25205479452054796,0.030515515425991818,1,3,2,4,24
519.132105263158,0.7479452054794521,0.03011312826735128,0,2,2,4,24
494.175526315789,0.7479452054794521,0.009016173605118291,0,2,2,4,24
407.282719298246,0.33424657534246577,0.02546794580119233,0,6,2,4,12
15.78947368421,0.8328767123287671,0.006666666638518293,0,2,2,4,0
733.634736842105,0.4191780821917808,0.02777421664497689,0,8,2,4,24
358.448333333333,0.33424657534246577,0.006379906400738794,0,2,2,4,3
21.929824561403,0.4191780821917808,0.019069412496268586,0,2,2,4,24
74.561403508771,0.25205479452054796,0.02124999993943724,0,5,2,4,24
277.715042444822,0.8328767123287671,0.033254395614469676,0,2,2,4,24
435.972807017544,0.8328767123287671,0.2834317989717245,0,8,2,4,24
21.929824561403,0.4191780821917808,0.013047812326140162,0,6,2,4,24
15.78947368421,0.7479452054794521,0.021034426064233218,1,3,2,4,5
21.929824561403,0.5808219178082191,0.005159958708189039,0,8,2,4,12
656.836929824561,0.4191780821917808,0.015031676875432536,0,8,2,4,24
0.0,0.16712328767123288,0.0,0,2,2,4,24
1029.10166666667,0.4958904109589041,0.008901569847448797,0,2,2,4,0
21.929824561403,0.4191780821917808,0.013047812326140162,0,4,2,4,24
543.588245614035,0.33424657534246577,0.02067772030312235,1,3,2,4,24
498.641666666667,0.33424657534246577,0.024497394251250058,1,3,2,4,24
21.929824561403,0.25205479452054796,0.03676470526600258,0,2,2,4,24
21.929824561403,0.25205479452054796,0.00826588369100418,0,0,2,4,24
314.625438596491,0.33424657534246577,0.03679074772598064,1,1,2,4,24
21.929824561403,0.33424657534246577,0.015664160289115284,1,3,2,4,24
519.132105263158,0.4958904109589041,0.021306990128577757,0,2,2,4,24
15.78947368421,1.252054794520548,0.008601328380534361,0,5,2,4,24
586.792280701754,0.4191780821917808,0.07482335035144386,0,6,2,4,24
647.229649122807,0.4191780821917808,0.03050441890688285,0,2,2,4,24
21.929824561403,0.4191780821917808,0.01686909568670157,0,2,2,4,24
790.483070175439,0.16712328767123288,0.036449185130268125,0,2,2,4,24
188.907719298246,1.4958904109589042,0.01627074027872436,0,6,1,4,19
773.506842105263,0.16712328767123288,0.03133674150717853,0,8,2,4,24
345.383947368421,0.08493150684931507,0.01312458999501266,1,3,2,4,24
74.561403508771,0.915068493150685,0.012142857123081486,0,6,2,4,24
588.349736842105,0.16712328767123288,0.009898212260146751,0,2,2,4,24
866.822456140351,0.4191780821917808,0.02381125023291436,0,8,2,4,24
74.561403508771,1.0,0.012142857123081486,0,2,2,4,24
0.0,0.4191780821917808,0.0,1,3,2,4,24
529.200087719298,0.08493150684931507,0.04901039770787027,0,4,2,4,24
838.757543859649,0.25205479452054796,0.02629413527055613,1,3,2,4,24
74.561403508771,0.5808219178082191,0.012142857123081486,0,2,2,4,24
235.519649122807,0.6657534246575343,0.012205986506245539,0,2,2,4,24
970.130614035088,0.33424657534246577,0.0391275808964361,1,3,2,4,24
74.561403508771,0.16712328767123288,0.02428571420661195,0,2,2,4,24
660.713596491228,0.33424657534246577,0.16076065365308342,0,2,2,4,24
74.561403508771,0.6657534246575343,0.02428571420661195,0,2,2,4,24
74.561403508771,0.25205479452054796,0.012142857123081486,0,2,2,4,24
21.929824561403,0.7479452054794521,0.07142856910203926,0,2,2,4,24
437.486754385965,0.08493150684931507,0.005943047495559698,0,2,2,4,24
74.561403508771,0.33424657534246577,0.012142857123081486,0,2,2,4,2
74.561403508771,0.5808219178082191,0.012142857123081486,1,3,2,4,24
21.929824561403,0.16712328767123288,0.013290802683936348,0,2,2,4,24
866.822456140351,0.33424657534246577,0.006233931215515629,0,8,2,4,24
597.001929824561,0.6657534246575343,0.7023552032953047,0,2,2,4,24
74.561403508771,0.4958904109589041,0.012142857123081486,0,2,2,4,24
74.561403508771,0.25205479452054796,0.012142857123081486,0,5,2,4,24
21.929824561403,0.16712328767123288,0.023338965555360195,1,3,2,4,24
21.929824561403,0.33424657534246577,0.00812215721488201,0,2,2,3,27
921.984912280702,0.08493150684931507,0.012773476116963809,1,3,2,4,24
274.56317251462,0.7479452054794521,0.00608914601341998,0,2,2,4,24
331.705175438596,0.7479452054794521,0.013348885804478709,0,2,2,4,24
571.27,0.08493150684931507,0.009443374794309114,0,5,2,4,24
571.045263157895,0.16712328767123288,0.012615563734150065,0,2,2,4,24
21.929824561403,0.4958904109589041,0.019230769062129772,0,6,2,3,16
0.0,0.4191780821917808,0.0,0,2,2,4,24
471.938245614035,0.25205479452054796,0.01684484847630853,0,2,2,4,24
15.78947368421,1.0,0.01127819540816289,1,3,2,4,24
21.929824561403,0.08493150684931507,0.05555555414814692,0,2,2,4,24
659.816929824561,0.5808219178082191,0.21819785904653902,0,8,2,4,24
74.561403508771,0.33424657534246577,0.012142857123081486,1,3,2,4,24
500.490350877193,0.33424657534246577,0.06714631195204708,0,2,2,4,3
764.621929824561,0.7479452054794521,0.020604664515555867,0,2,2,4,23
74.561403508771,0.16712328767123288,0.01416666663974983,0,2,2,4,24
739.257543859649,0.33424657534246577,0.05584182134426654,0,8,2,4,24
685.524035087719,0.08493150684931507,0.01562994799643637,0,2,2,4,24
21.929824561403,0.6657534246575343,0.05623664235496954,1,3,2,2,24
346.08798245614,0.16712328767123288,0.00634198637934644,0,6,2,4,24
897.060263157895,0.16712328767123288,0.04107022889685936,0,2,2,4,20
553.740877192982,0.7479452054794521,0.025824270783461202,0,2,2,4,24
1011.29631578947,0.5808219178082191,0.26227936441358757,0,2,2,4,16
15.78947368421,1.252054794520548,0.005318639686793261,0,5,2,4,24
622.95850877193,0.4191780821917808,0.02165778048782511,0,8,2,4,24
74.561403508771,0.25205479452054796,0.012142857123081486,1,3,2,4,24
0.0,0.4958904109589041,0.0,0,2,2,4,24
435.45298245614,0.16712328767123288,0.029607510639473204,0,2,2,4,24
703.943157894737,0.08493150684931507,0.016049903996340632,0,8,2,4,24
405.934298245614,1.0,0.017349518683339754,0,2,2,4,24
0.0,0.4191780821917808,0.0,0,5,2,4,24
463.173684210526,0.5808219178082191,0.023241896303961996,0,2,2,4,24
413.483947368421,1.252054794520548,0.014085980435610424,0,8,2,4,24
72.156196943972,0.6657534246575343,0.011751152054594998,1,3,2,4,3
21.929824561403,0.08493150684931507,0.009469696928804878,0,5,2,4,24
21.929824561403,0.08493150684931507,0.02499999971499943,0,6,2,4,5
161.137456140351,0.5808219178082191,0.017362817553118595,0,2,2,4,24
74.561403508771,0.4191780821917808,0.012142857123081486,1,3,2,3,16
21.929824561403,0.16712328767123288,0.01686909568670157,0,2,2,4,24
725.605087719298,1.0,0.02070924012935214,0,2,2,4,9
0.0,0.25205479452054796,0.0,0,8,2,4,24
622.95850877193,0.4958904109589041,0.19813593778963373,0,2,2,4,24
783.04,1.084931506849315,0.010952680680492818,0,8,2,4,24
21.929824561403,0.4958904109589041,0.02083333313541619,0,6,2,4,24
15.78947368421,0.5808219178082191,0.01214574889442501,0,5,2,4,24
21.929824561403,0.08493150684931507,0.0069444444224535315,0,2,2,4,24
918.019035087719,0.16712328767123288,0.019837656148240835,1,3,2,4,24
627.453157894737,0.6657534246575343,0.047642608763729,0,6,2,4,24
696.014561403509,0.915068493150685,0.07545361171452432,0,2,2,4,24
21.929824561403,0.6657534246575343,0.024920254900227784,0,6,2,4,24
596.435614035088,0.16712328767123288,0.016527384536013327,0,8,2,4,24
422.49701754386,0.4191780821917808,0.11040964036469486,0,6,2,4,24
1006.53728070175,0.16712328767123288,0.07558975620146724,1,3,2,4,24
21.929824561403,0.25205479452054796,0.016108247304359145,0,4,1,4,24
74.561403508771,0.5808219178082191,0.012142857123081486,0,6,2,4,24
15.78947368421,1.4958904109589042,0.0058479531947149875,0,2,2,4,16
21.929824561403,0.4191780821917808,0.04166666587499906,0,6,2,4,24
21.929824561403,0.4191780821917808,0.02499999971499943,0,2,2,4,24
15.78947368421,1.084931506849315,0.01008397705617451,0,5,1,4,24
21.929824561403,0.6657534246575343,0.01686909568670157,0,6,2,4,24
583.720175438596,0.8328767123287671,0.017700676430562574,0,2,2,4,24
15.78947368421,1.167123287671233,0.0036367273007180947,0,2,1,4,0
15.78947368421,0.4958904109589041,0.020454545189565427,0,5,2,4,24
647.229649122807,0.6657534246575343,0.029892614684197617,0,2,2,4,24
913.49798245614,0.6657534246575343,0.012633226674546834,1,3,2,4,24
674.871754385965,0.4191780821917808,0.008509075726418276,0,2,2,4,24
74.561403508771,0.4191780821917808,0.016999999961239794,0,2,2,4,24
635.094035087719,0.6657534246575343,0.0049695289904155265,0,2,2,4,24
74.561403508771,1.0,0.012142857123081486,0,5,2,4,3
21.929824561403,0.4191780821917808,0.019069412496268586,0,2,2,4,24
660.713596491228,0.7479452054794521,0.006732002805754589,0,2,2,4,10
504.163157894737,0.08493150684931507,0.01359114477478179,0,2,2,4,9
21.929824561403,0.16712328767123288,0.008135743218777263,0,2,2,4,24
493.006929824561,0.8328767123287671,0.04294935051963679,0,6,2,4,24
21.929824561403,0.4191780821917808,0.02921448064476865,1,3,2,4,24
571.045263157895,0.4191780821917808,0.014519589427873451,0,6,2,4,24
701.165438596491,0.4191780821917808,0.023996201804842555,0,2,2,4,24
705.448596491228,0.5808219178082191,0.019459610261088577,1,3,2,4,24
668.579210526316,1.252054794520548,0.02071672422027134,0,2,2,4,9
21.929824561403,0.4958904109589041,0.01686909568670157,0,6,2,4,24
15.78947368421,0.7479452054794521,0.008209618894168776,0,8,2,4,2
238.148333333333,0.4191780821917808,0.026880108880551118,0,8,2,4,24
21.929824561403,0.25205479452054796,0.026881720100589063,0,6,2,4,24
21.929824561403,0.4191780821917808,0.025799793298123607,0,2,2,4,5
74.561403508771,0.7479452054794521,0.012142857123081486,0,2,2,4,2
789.895087719298,0.4191780821917808,0.008057377290390844,1,3,2,3,16
377.550614035088,0.4191780821917808,0.010808235101947821,0,2,2,4,24
74.561403508771,0.25205479452054796,0.012142857123081486,0,8,2,4,24
15.78947368421,1.0,0.021052631298244917,0,8,1,4,24
808.281929824561,0.25205479452054796,0.022232067840385904,0,8,2,4,24
538.072894736842,0.5808219178082191,0.06197856519370924,0,2,2,4,24
21.929824561403,0.5808219178082191,0.02840909054106338,0,6,2,4,24
21.929824561403,0.6657534246575343,0.029239765692007123,0,2,2,4,24
647.229649122807,0.7479452054794521,0.022789086559036806,0,2,2,4,24
0.0,0.5808219178082191,0.0,0,8,2,4,24
1001.14368421053,0.16712328767123288,0.0370058648759689,1,3,2,4,24
708.2,0.16712328767123288,0.029426431903329726,0,2,2,4,24
602.018684210526,0.5808219178082191,0.01497199545865571,1,3,2,4,24
381.460987549519,0.4191780821917808,0.013412841868087421,0,2,2,4,24
21.929824561403,0.16712328767123288,0.02713674716219145,0,6,1,4,9
643.723771929825,0.4958904109589041,0.053898918884508616,0,2,2,4,24
103.12798245614,1.167123287671233,0.00813728733144387,0,2,2,3,27
900.422543859649,0.33424657534246577,0.10564434926918885,1,3,2,4,24
627.003684210526,0.16712328767123288,0.026942487738140043,0,2,2,4,24
380.135,0.25205479452054796,0.008733570161073057,0,2,2,4,24
21.929824561403,0.6657534246575343,0.01686909568670157,0,4,2,4,24
74.561403508771,0.25205479452054796,0.012142857123081486,0,8,2,4,24
805.467719298246,0.8328767123287671,0.021796889385177976,1,3,2,4,24
515.152105263158,0.5808219178082191,0.6060612931794648,0,2,2,4,24
21.929824561403,0.4958904109589041,0.02921448064476865,1,3,2,4,24
785.239210526316,0.25205479452054796,0.011055746024700379,0,2,2,4,24
439.576754385965,0.08493150684931507,0.011135944441623342,0,6,2,4,24
536.43649122807,0.4191780821917808,0.02765331609955997,0,7,2,4,24
445.509736842105,0.25205479452054796,0.004917683045602647,0,5,2,4,24
21.929824561403,0.08493150684931507,0.033333332826665917,1,3,2,4,24
760.207105263158,1.4191780821917808,0.1580071612949118,0,6,1,3,16
21.929824561403,0.6657534246575343,0.023084025611118678,0,6,2,4,24
640.329824561404,0.4191780821917808,0.03362533054633159,0,2,2,4,24
74.561403508771,0.6657534246575343,0.012142857123081486,1,3,2,4,24
843.421140350877,0.16712328767123288,0.013998521963561002,0,2,2,4,24
600.306754385965,1.4191780821917808,0.1016230800960841,0,2,2,4,0
352.268245614035,0.6657534246575343,0.008213364408048634,0,2,2,4,5
74.561403508771,0.25205479452054796,0.02124999993943724,0,6,2,4,24
334.645789473684,0.7479452054794521,0.008729290893084832,0,8,2,4,24
530.979912280702,0.4191780821917808,0.3481835467533551,0,2,2,4,0
505.648157894737,0.6657534246575343,0.004121277051762844,0,2,2,4,24
556.21298245614,0.4191780821917808,0.01757838129792478,0,2,2,4,24
73.592280701754,1.084931506849315,0.007949220610540608,0,2,2,4,0
74.561403508771,0.16712328767123288,0.012142857123081486,0,2,2,4,20
74.561403508771,0.25205479452054796,0.016999999961239794,1,3,2,4,24
74.561403508771,0.4958904109589041,0.012142857123081486,0,2,2,4,24
0.0,1.4958904109589042,0.0,0,2,1,4,24
21.929824561403,0.16712328767123288,0.019999999817599454,0,2,2,4,24
21.929824561403,0.25205479452054796,0.006747638305823573,0,6,2,4,24
21.929824561403,0.33424657534246577,0.033333332826665917,0,2,2,4,24
622.95850877193,0.08493150684931507,0.053313026714759126,0,2,2,4,24
74.561403508771,0.25205479452054796,0.012142857123081486,0,2,2,4,24
405.417368421053,0.4958904109589041,0.012823850387990584,0,2,2,4,24
900.422543859649,0.4191780821917808,0.014501970972861229,1,3,2,4,24
562.617807017544,0.4191780821917808,0.001494604796645257,0,2,2,3,27
476.972280701754,0.6657534246575343,0.006653239827446603,0,2,2,4,5
372.98850877193,0.16712328767123288,0.014134457994178336,1,1,2,4,24
704.608859649123,0.08493150684931507,0.04284021864061991,1,3,2,4,24
984.962894736842,0.16712328767123288,0.03742858998577715,1,3,2,4,24
505.648157894737,0.16712328767123288,0.03559537896419329,0,2,2,4,24
0.0,0.4191780821917808,0.0,0,8,2,4,2
349.029736842105,0.25205479452054796,0.04587888837922872,0,6,2,4,24
21.929824561403,0.4191780821917808,0.019069412496268586,0,2,2,4,24
15.78947368421,0.8328767123287671,0.006666666638518293,0,2,1,4,0
74.561403508771,0.4958904109589041,0.012142857123081486,1,3,2,4,24
74.561403508771,0.7479452054794521,0.012142857123081486,0,2,2,3,16
708.266754385965,0.5808219178082191,0.010091291339095382,0,6,2,3,27
21.929824561403,0.16712328767123288,0.012953367799135253,0,6,2,4,24
674.871754385965,0.6657534246575343,0.030783534807372052,0,2,2,4,24
21.929824561403,0.7479452054794521,0.014403078707527802,0,6,2,4,24
391.034561403509,0.33424657534246577,0.0046899610770006536,0,2,2,4,5
74.561403508771,0.5808219178082191,0.02428571420661195,0,6,2,4,24
0.0,0.5808219178082191,0.0,0,6,2,3,16
21.929824561403,0.5808219178082191,0.05623664235496954,0,2,2,4,24
571.045263157895,0.4958904109589041,0.028004926507875824,0,2,2,4,24
21.929824561403,0.7479452054794521,0.02840909054106338,0,6,2,4,24
74.561403508771,0.7479452054794521,0.012142857123081486,0,2,2,4,24
283.162894736842,0.4958904109589041,0.011694913775686907,0,2,2,4,24
817.653245614035,0.08493150684931507,0.009343036829428487,0,2,2,4,24
74.561403508771,0.33424657534246577,0.01416666663974983,0,2,2,4,24
74.561403508771,0.8328767123287671,0.00607142856648462,1,3,2,4,24
647.229649122807,0.08493150684931507,0.010742055178504715,0,2,2,4,24
488.793245614035,0.4191780821917808,0.029274469261375644,0,2,2,4,24
74.561403508771,0.8328767123287671,0.012142857123081486,0,6,2,4,24
21.929824561403,0.5808219178082191,0.02921448064476865,0,2,2,4,24
727.823157894737,0.6657534246575343,0.0178719554547837,0,8,2,4,24
693.445877192982,0.5808219178082191,0.04637125234686262,0,2,2,4,24
573.067894736842,0.4958904109589041,0.3317914658291404,0,2,2,4,24
458.645175438596,1.0,0.015159735858542838,0,8,2,4,24
24473.3637719298,0.5808219178082191,16.230153877240387,0,8,2,5,26
21.929824561403,0.33424657534246577,0.019230769062129772,0,6,2,4,24
21.929824561403,0.4191780821917808,0.010747418417412023,0,2,2,4,7
21.929824561403,0.4958904109589041,0.02443434464296329,1,3,2,4,24
21.929824561403,0.4191780821917808,0.026881720100589063,0,6,2,4,24
21.929824561403,0.4191780821917808,0.00747214382227564,0,2,2,4,24
21.929824561403,0.16712328767123288,0.002818489286118225,0,2,2,4,20
768.320789473684,0.25205479452054796,0.9604009748370929,1,3,2,4,24
503.136315789474,0.25205479452054796,0.05107593993134681,1,3,2,4,24
21.929824561403,0.16712328767123288,0.033333332826665917,0,2,2,4,24
21.929824561403,0.5808219178082191,0.02921448064476865,0,6,2,4,24
262.93701754386,0.08493150684931507,0.022310395832018097,0,6,2,4,3
15.78947368421,0.4191780821917808,0.0012829303258624478,0,2,2,2,27
480.702807017544,0.25205479452054796,0.007764334267339429,0,2,2,4,24
440.65552631579,0.4958904109589041,0.0075754906551653055,0,6,2,4,24
296.646842105263,0.5808219178082191,0.008434213969604127,0,2,2,4,24
21.929824561403,0.4958904109589041,0.023084025611118678,0,6,2,4,24
21.929824561403,0.08493150684931507,0.12499999287499755,0,2,2,4,24
17.685342388228,0.5808219178082191,0.008879200492093372,0,4,2,4,24
961.345,0.16712328767123288,0.037790803433420124,1,3,2,4,24
372.561578947368,0.33424657534246577,0.011110468165414354,0,2,2,4,24
21.929824561403,0.33424657534246577,0.03040881570230857,0,2,2,4,24
21.929824561403,0.4958904109589041,0.005208333320963426,0,2,2,3,27
21.929824561403,0.16712328767123288,0.033333332826665917,0,2,2,3,16
21.929824561403,0.4191780821917808,0.005208333320963426,0,6,2,3,16
74.561403508771,0.16712328767123288,0.012142857123081486,1,3,2,4,24
670.691666666667,0.4958904109589041,0.28120209517995465,0,8,2,4,1
74.561403508771,0.16712328767123288,0.012142857123081486,0,2,2,4,24
28.827577815506,0.6657534246575343,0.0032673929879129607,0,8,2,4,24
662.938157894737,0.08493150684931507,0.016794433329078748,0,6,2,4,12
21.929824561403,0.16712328767123288,0.02088554700242622,0,2,2,4,24
683.973421052632,0.7479452054794521,0.02173114879325973,0,6,2,4,24
199.944473684211,0.4958904109589041,0.0029863442925391064,0,6,2,4,24
21.929824561403,0.8328767123287671,0.0048732943361489015,0,2,2,3,16
683.535175438596,0.08493150684931507,0.02676506592067922,0,2,2,4,24
621.567368421053,0.6657534246575343,0.7312557189511715,0,2,2,4,2
74.561403508771,0.4191780821917808,0.01545454542251221,0,2,2,4,24
21.929824561403,0.4958904109589041,0.015664160289115284,1,3,2,4,24
74.561403508771,0.4958904109589041,0.012142857123081486,1,3,2,3,16
500.591666666667,0.5808219178082191,0.5706744934943113,0,2,2,4,24
15.78947368421,1.0,0.005934737645802795,0,5,2,3,16
21.929824561403,0.33424657534246577,0.01686909568670157,0,2,2,4,24
0.0,0.7479452054794521,0.0,1,3,2,4,24
686.764561403509,0.16712328767123288,0.04605091462119997,0,8,2,4,24
598.528771929825,0.33424657534246577,0.015891239820417083,1,3,2,4,24
21.929824561403,0.08493150684931507,0.021929824342104755,0,6,2,4,24
212.604736842105,0.915068493150685,0.17355488580127032,0,8,2,4,19
289.005964912281,0.915068493150685,0.012250678219049406,0,6,2,4,24
15.78947368421,1.252054794520548,0.005318639686793261,0,5,2,4,24
580.79850877193,0.0,0.006621102999245198,0,5,2,4,24
1000.89245614035,0.4191780821917808,1.1775205227825232,1,3,0,4,24
21.929824561403,0.5808219178082191,0.005542450724689957,0,2,1,4,0
0.0,0.915068493150685,0.0,0,2,2,4,24
15.78947368421,0.8328767123287671,0.021034426064233218,0,2,2,4,24
15.78947368421,1.252054794520548,0.006685564500760663,0,2,2,3,16
522.436959064327,0.16712328767123288,0.03138801314252717,1,3,2,4,24
15.78947368421,1.252054794520548,0.005318639686793261,0,5,2,4,24
707.907368421053,0.16712328767123288,0.076452225234321,0,2,2,3,16
606.777807017544,0.5808219178082191,0.004713029999156984,0,2,2,4,24
74.561403508771,0.16712328767123288,0.018888888841036806,0,2,2,4,24
74.561403508771,0.33424657534246577,0.012142857123081486,0,2,2,4,24
998.446842105263,0.08493150684931507,0.010279991111883083,1,3,2,4,24
595.586052631579,0.4958904109589041,0.01723356768880496,0,2,2,4,24
350.693771929825,0.08493150684931507,0.012646360114276356,1,3,2,4,24
663.626140350877,0.25205479452054796,0.0069719574863269015,0,2,2,4,24
75.716827956989,0.4191780821917808,0.0007296465246208776,0,2,2,4,9
993.09298245614,0.4191780821917808,0.08231679999691614,1,3,2,4,24
74.561403508771,0.25205479452054796,0.018888888841036806,0,2,2,4,24
532.189035087719,0.8328767123287671,0.03539304242392627,0,2,2,4,24
405.417368421053,0.7479452054794521,0.45311352434755525,0,2,2,4,24
0.0,0.4958904109589041,0.0,0,2,2,4,24
74.561403508771,0.25205479452054796,0.012142857123081486,0,2,2,4,20
359.571929824561,0.6657534246575343,0.0058895402289203804,0,2,2,4,24
605.654122807018,0.5808219178082191,0.029853445010847177,0,2,2,4,24
15.78947368421,0.8328767123287671,0.011980671092916634,0,2,2,3,16
374.774473684211,0.16712328767123288,0.014382861465613085,1,3,1,4,24
186.113771929825,0.16712328767123288,0.0053522792043334995,0,2,2,4,24
21.929824561403,0.4958904109589041,0.025799793298123607,0,2,2,4,24
21.929824561403,0.5808219178082191,0.010755509995046693,0,6,2,3,16
863.84447368421,0.4958904109589041,0.07526307376048408,1,3,2,4,0
21.929824561403,0.33424657534246577,0.007383779288742493,0,2,2,4,10
809.03701754386,0.4958904109589041,0.9518082447362088,0,8,2,3,6
74.561403508771,0.915068493150685,0.02428571420661195,0,8,2,4,24
674.871754385965,0.4191780821917808,0.00710875739810656,0,2,2,4,24
21.929824561403,0.08493150684931507,0.019230769062129772,0,2,2,4,24
1084.76324561404,0.5808219178082191,0.052541286112801365,0,2,2,4,15
0.0,0.4958904109589041,0.0,0,2,2,4,24
15.78947368421,0.33424657534246577,0.007787083785226441,0,5,2,4,24
21.929824561403,0.16712328767123288,0.04999999885999888,0,2,2,4,24
21.929824561403,0.4958904109589041,0.02921448064476865,1,3,2,4,24
0.0,0.7479452054794521,0.0,1,3,2,4,24
773.040175438596,0.08493150684931507,0.017308569180058568,1,3,2,4,24
817.761929824561,0.4191780821917808,0.016152404070704084,1,3,2,4,24
21.929824561403,0.4958904109589041,0.005068156557834243,0,2,2,4,24
257.822105263158,0.25205479452054796,0.020857676493037148,0,6,2,4,24
15.78947368421,0.6657534246575343,0.01127819540816289,1,3,2,4,24
309.906052631579,0.08493150684931507,0.007065857998388987,0,6,2,4,24
15.78947368421,1.252054794520548,0.00602108581966013,0,0,2,4,24
21.929824561403,0.16712328767123288,0.043706292835223245,0,2,2,4,24
1261.96403508772,0.4958904109589041,0.004829430326445812,0,8,2,4,16
500.164649122807,0.25205479452054796,0.009469640526087009,0,6,2,4,24
534.863333333333,0.4958904109589041,0.017750220072732092,0,2,2,3,16
74.561403508771,0.6657534246575343,0.012142857123081486,0,2,2,4,24
21.929824561403,0.7479452054794521,0.01663959945841967,0,5,2,3,16
643.723771929825,0.08493150684931507,0.014676901996653682,0,2,2,4,24
21.929824561403,0.5808219178082191,0.015124016834595055,0,2,2,4,24
74.561403508771,0.6657534246575343,0.012142857123081486,0,2,2,4,24
719.372297679684,0.4191780821917808,0.026643323206158295,1,3,2,4,24
0.0,0.8328767123287671,0.0,0,2,2,4,24
408.788333333333,0.4191780821917808,0.011009442695893868,0,2,2,4,24
296.118157894737,0.4191780821917808,0.012834651740970197,1,3,2,4,24
488.14149122807,0.7479452054794521,0.04478978673947516,0,6,2,4,24
55.319750990379,0.6657534246575343,0.009009216575189574,0,8,2,4,24
21.929824561403,0.08493150684931507,0.019230769062129772,0,2,2,4,24
754.610438596491,0.4958904109589041,0.0543342621758183,0,2,2,4,24
95.028859649122,0.5808219178082191,0.0022018882108719015,0,2,2,4,5
730.155877192982,0.6657534246575343,0.03951371477129273,0,2,2,4,24
21.929824561403,0.33424657534246577,0.013290802683936348,0,2,2,4,24
695.165087719298,0.8328767123287671,0.020045550233163685,0,2,2,4,24
74.561403508771,0.25205479452054796,0.018888888841036806,0,2,2,4,24
366.606140350877,0.4958904109589041,0.013917941184703455,0,8,2,4,24
21.929824561403,0.4958904109589041,0.06394025236215904,1,3,2,4,24
21.929824561403,0.16712328767123288,0.019069412496268586,0,2,2,4,24
21.929824561403,0.7479452054794521,0.01827485364887872,0,2,2,4,24
74.561403508771,0.6657534246575343,0.012142857123081486,0,8,2,4,24
537.793859649123,0.16712328767123288,0.04340000761024684,0,8,1,4,24
21.929824561403,0.33424657534246577,0.05623664235496954,0,8,2,4,24
21.929824561403,0.25205479452054796,0.02499999971499943,0,2,2,4,24
80.106253537068,0.5808219178082191,0.0024104589450961744,0,4,2,4,24
21.929824561403,0.33424657534246577,0.026881720100589063,0,2,2,4,24
684.008421052632,0.25205479452054796,0.031962009634885824,0,8,2,4,24
21.929824561403,0.4958904109589041,0.019069412496268586,0,2,2,4,24
691.488684210526,0.33424657534246577,0.016644386089740528,1,3,2,4,24
566.325877192982,0.33424657534246577,0.025424281792984924,0,2,2,4,24
21.929824561403,0.0,0.010964912225876939,0,6,2,4,24
527.155,0.5808219178082191,0.027600764963028,0,6,2,4,24
139.33649122807,0.25205479452054796,0.14666998922249486,1,3,2,4,24
0.0,0.33424657534246577,0.0,0,2,2,4,24
74.561403508771,0.8328767123287671,0.018888888841036806,0,6,2,4,24
21.929824561403,0.7479452054794521,0.06659562930423349,1,3,2,4,24
583.315701754386,0.4958904109589041,0.0024543457589432617,0,2,2,4,24
253.835350877193,0.25205479452054796,0.008319498755554036,0,5,2,4,24
21.929824561403,0.16712328767123288,0.006249999982187357,0,5,2,4,24
278.524473684211,0.7479452054794521,0.005829107543881964,0,8,2,4,24
74.561403508771,0.7479452054794521,0.03399999984495958,0,2,2,4,24
827.874912280702,0.6657534246575343,0.007584927829054,1,3,2,4,24
536.43649122807,0.6657534246575343,0.029834216823604535,1,1,2,4,24
21.929824561403,0.5808219178082191,0.01624431436959989,0,8,2,4,24
1110.36368421053,0.33424657534246577,0.010959604564184225,1,3,2,4,24
21.929824561403,0.5808219178082191,0.04166666587499906,0,2,2,4,24
15.78947368421,0.8328767123287671,0.011980511610062044,0,6,2,3,16
21.929824561403,0.8328767123287671,0.008840169695622872,0,4,2,3,16
406.104736842105,0.25205479452054796,0.04013692830572954,1,3,2,4,24
21.929824561403,0.33424657534246577,0.012141934288619326,0,2,2,2,11
494.231754385965,0.25205479452054796,0.008455633093266187,0,2,2,4,24
534.863333333333,1.0,0.02926709409748756,0,2,2,4,24
788.858684210526,1.0,0.03712147440818629,1,3,1,4,24
315.883947368421,0.4958904109589041,0.005787856528742873,0,4,2,4,24
15.78947368421,1.084931506849315,0.005990255827757025,0,6,1,3,16
706.019649122807,0.4958904109589041,0.011526900937184018,0,2,2,4,24
74.561403508771,0.25205479452054796,0.018888888841036806,0,2,2,4,24
938.836140350877,0.7479452054794521,0.2962808791544582,0,2,2,4,16
706.019649122807,0.4958904109589041,0.024432697197119907,0,2,2,4,24
684.008421052632,0.5808219178082191,0.06652001771334472,0,8,2,4,24
622.95850877193,0.0,0.014203453996761622,0,2,2,4,24
21.929824561403,0.08493150684931507,0.01851851836213948,0,6,2,4,24
674.422280701754,0.16712328767123288,0.00984291109016392,0,8,2,3,27
21.929824561403,0.0,0.033333332826665917,1,3,2,4,24
21.929824561403,0.7479452054794521,0.01686909568670157,0,5,2,4,24
15.78947368421,1.0,0.009123162643687453,0,2,1,4,0
460.623596491228,0.4191780821917808,0.30547463439068595,0,8,2,4,16
74.561403508771,0.7479452054794521,0.012142857123081486,0,8,2,4,24
706.019649122807,0.33424657534246577,0.020591019802360517,0,2,2,4,24
15.78947368421,0.33424657534246577,0.005741626773379539,1,3,2,4,24
643.723771929825,0.08493150684931507,0.015077440227173304,0,2,2,4,24
559.698070175439,1.0,1.066091541932426,0,2,2,4,16
597.918771929824,0.25205479452054796,0.04478524508288481,0,2,2,4,24
21.929824561403,0.08493150684931507,0.010170953337313809,0,8,2,1,11
698.468596491228,0.33424657534246577,0.00281610978199214,0,6,2,4,24
643.723771929825,0.5808219178082191,0.03848786797035066,0,2,2,4,24
21.929824561403,0.33424657534246577,0.01686909568670157,0,2,2,4,24
216.317368421053,0.6657534246575343,0.022933408947178165,0,2,2,4,24
74.561403508771,0.33424657534246577,0.018888888841036806,0,8,2,4,16
278.378324844369,0.4191780821917808,0.03823025880903691,0,2,2,4,24
21.929824561403,0.7479452054794521,0.04545454451239568,0,2,2,4,24
395.529122807018,0.33424657534246577,0.012366726087025048,0,2,2,4,24
